OBJECTID;ID_SYS;Nr punktu;Typ;Podtyp;Stan;Rok powstania;Rok zamknięcia;Powierzchnia;Pozwolenie;X [PL-1992];Y [PL-1992];Uwagi;Nr arkusza;Data pozyskania;Data weryfikacji;x;y
8201;8726.000000;1261_116;inny;inny;działający / czynny;;;0.510000;nie;563770.370000;242606.000000;Typ zakładu: inny - produkcja rolet, żaluzji, bram wjazdowych. Produkcja: rolety (wewnętrzne i zewnętrzne), żaluzje, moskitiery, bramy wzjadowe, kraty zwijane, zewnętrzne osłony okien.;973;24.01.2014, 13:44;;563770,37;242606
8202;8727.000000;1261_115;inny;poligraficzny (drukarnie, zakłady introligatorskie);działający / czynny;;;6.440000;tak;581361.500000;245978.050000;Działalność: usługi poligraficzne i introligatorskie. Dodatkowe obiekty: emitor (1261_058). Obecna na terenie zakładu oczyszczalnia nie posiada karty Oczyszczalni ścieków z powodu niespełniania kryteriów ""Instrukcji …"".;974;24.01.2014, 13:44;28.07.2014, 13:13;581361,5;245978,05
8203;8728.000000;1261_114;elektromaszynowy;elektrotechniczny i elektroniczny;działający / czynny;;;0.650000;nie;568899.770000;242757.120000;Produkcja: potencjometry, rezystory, układy scalone.;973;24.01.2014, 13:44;;568899,77;242757,12
8204;8729.000000;1261_113;metalurgiczny;zakłady powierzchniowej obróbki metali i ślusarnie;działający / czynny;;;0.100000;nie;576126.310000;248154.780000;Produkcja: tuleje cylindrowe i gniazda zaworowe do silników - odlewy żeliwne.;974;24.01.2014, 13:44;;576126,31;248154,78
8205;8270.000000;1219_049;elektromaszynowy;elektrotechniczny i elektroniczny;działający / czynny;1991.000000;;1.330000;nie;586341.900000;241559.810000;"produkcja urządzeń chłodniczych, gastronomicznych, mroźniczych oraz kriogenicznych; pozostałych informacji nie udzielono";974;24.01.2014, 13:44;;586341,9;241559,81
8206;8271.000000;1219_050;inny;inny;działający / czynny;2009.000000;;0.280000;nie;574834.460000;235941.600000;"produkcja desek kompozytowych (drewno+polimer); pozostałych informacji nie udzielono";997;24.01.2014, 13:44;;574834,46;235941,6
8208;8273.000000;1219_052;inny;produkcja wyrobów z tworzyw sztucznych;działający / czynny;1993.000000;;0.540000;nie;586181.160000;241716.570000;"produkcja okien PCV; pozostałych informacji nie udzielono";974;24.01.2014, 13:44;;586181,16;241716,57
8209;8274.000000;1219_053;mineralny;szklarski;działający / czynny;1992.000000;;1.020000;nie;586092.530000;241548.760000;pozostałych informacji nie udzielono;974;24.01.2014, 13:44;;586092,53;241548,76
8210;8275.000000;1219_054;metalurgiczny;zakłady powierzchniowej obróbki metali i ślusarnie;działający / czynny;1989.000000;;2.350000;tak;586400.900000;242014.300000;"produkcja krat i stopni schodów ze stali zwykłej i nierdzewnej, tworzyw sztucznych oraz aluminium; zakład posiada emitor 1219_041; pozostałych informacji nie udzielono";974;24.01.2014, 13:44;;586400,9;242014,3
8213;8739.000000;1261_104;inny;lekki - zakłady włókiennicze, skórzane, tekstylne i farbiarnie;działający / czynny;;;12.490000;nie;574947.980000;241641.250000;Działalność: garbowanie skór bydlęcych. Dodatkowe obiekty: emitor (1261_051), obiekt do odzysku (…) (1261_016), oczyszczalnia ścieków (1261_005), zrzut ścieków (1261_007).;974;24.01.2014, 13:44;;574947,98;241641,25
8214;8740.000000;1261_103;inny;poligraficzny (drukarnie, zakłady introligatorskie);działający / czynny;1983.000000;;0.200000;nie;569879.350000;241695.230000;Produkcja: kalendarzyki kieszonkowe, karty plastikowe - nadruk: karty telefoniczne, identyfikatory, karty członkowskie i rabatowe, drukowanie obwodów elektronicznych, usługi programowania kart (karty magnetyczne i chipowe).;973;24.01.2014, 13:44;;569879,35;241695,23
8215;8741.000000;1261_102;metalurgiczny;galwanizernie;działający / czynny;2009.000000;;1.290000;nie;575585.000000;240737.960000;Działalność: usługi galwanizeryjne (chromowanie, niklowanie, miedziowanie). Dodatkowe obiekty: emitor (1261_083).;974;24.01.2014, 13:44;;575585;240737,96
8216;8742.000000;1261_101;inny;poligraficzny (drukarnie, zakłady introligatorskie);działający / czynny;1985.000000;;1.620000;nie;560271.650000;247459.050000;Działalność: usługi poligraficzne, produkcja opakowań. Dodatkowe obiekty: emitor (1261_050).;973;24.01.2014, 13:44;;560271,65;247459,05
8220;8254.000000;1219_033;rolno-spożywczy i rolny;produkcja artykułów spożywczych i napojów;działający / czynny;2007.000000;;0.350000;nie;578643.650000;235018.650000;pozostałych informacji nie udzielono;997;24.01.2014, 13:44;12.08.2014, 15:14;578643,65;235018,65
8236;8589.000000;1206_027;mineralny;produkcja ceramiki (szlachetnej i budowlanej;działający / czynny;;;0.600000;nie;558352.800000;236322.800000;"zakład produkuje galanterię betonową; pozostałych informacji nie udzielono";996;24.01.2014, 13:44;;558352,8;236322,8
8237;8590.000000;1206_028;inny;produkcja wyrobów z tworzyw sztucznych;działający / czynny;2001.000000;;1.850000;nie;559581.790000;235515.550000;"zakład produkuje rury z tworzyw sztucznych oraz gotowe systemy instalacyjne z tworzyw sztucznych do instalacji wodociągowych, grzewczych, kanalizacyjnych; zakład posiada emitor [1206_016]; pozostałych informacji nie udzielono";996;24.01.2014, 13:44;;559581,79;235515,55
8244;8276.000000;1219_055;rolno-spożywczy i rolny;produkcja artykułów spożywczych i napojów;działający / czynny;2006.000000;;0.700000;nie;582784.420000;238407.430000;"zakład posiada emitor 1219_042; pozostałych informacjinie udzielono";974;24.01.2014, 13:44;;582784,42;238407,43
8245;8277.000000;1219_056;inny;prztwórstwo drewna - zakłady produkcji wyrobów z drewna;działający / czynny;1995.000000;;0.520000;nie;585706.920000;238655.210000;"produkcja opakowań drewnianych; pozostałych informacji nie udzielono";974;24.01.2014, 13:44;;585706,92;238655,21
8246;8278.000000;1219_057;metalurgiczny;zakłady powierzchniowej obróbki metali i ślusarnie;działający / czynny;;;0.140000;nie;577616.010000;238925.540000;"ślusarnia, produkcja krat, bram, ogrodzeń; pozostalych informacji nie udzielono";974;24.01.2014, 13:44;;577616,01;238925,54
8247;8279.000000;1219_058;inny;papierniczy - zakłady celulozowe i papiernicze;działający / czynny;2006.000000;;1.100000;nie;572554.680000;234043.190000;"produkcja opakowań tekturowych; pozostałych informacji nie udzielono";997;24.01.2014, 13:44;;572554,68;234043,19
8248;8280.000000;1219_059;metalurgiczny;zakłady powierzchniowej obróbki metali i ślusarnie;działający / czynny;1992.000000;;0.480000;nie;572271.370000;234513.320000;"produkcja pojemników metalowych na odpady; pozostałych informacji nie udzielono";997;24.01.2014, 13:44;21.07.2014, 18:04;572271,37;234513,32
8249;8281.000000;1219_060;inny;prztwórstwo drewna - zakłady produkcji wyrobów z drewna;działający / czynny;1997.000000;;0.430000;nie;585317.850000;241327.640000;pozostałych informacji nie udzielono;974;24.01.2014, 13:44;;585317,85;241327,64
8263;8601.000000;1206_039;metalurgiczny;zakłady powierzchniowej obróbki metali i ślusarnie;działający / czynny;;;0.300000;nie;563919.880000;234865.660000;"producent akcesoriów montażowych (gwoździ, śrub, nakrętek, klamer) do boazeri ściennej, paneli podłogowych i listew przypodłogowych; pozostałych informacji nie udzielono";996;24.01.2014, 13:44;;563919,88;234865,66
8264;8602.000000;1206_040;inny;produkcja wyrobów z tworzyw sztucznych;działający / czynny;1997.000000;;1.100000;nie;564619.840000;234963.430000;"producent stolarki otworowej z PCV i aluminium; pozostałych informacji nie udzielono";996;24.01.2014, 13:44;;564619,84;234963,43
8335;8260.000000;1219_039;inny;prztwórstwo drewna - zakłady produkcji wyrobów z drewna;działający / czynny;;;0.710000;nie;583674.850000;237858.550000;"produkcja ram drewnianych, plastikowych, aluminiowych; pozostałych informacji nie udzielono";974;24.01.2014, 13:44;22.07.2014, 17:00;583674,85;237858,55
8336;8261.000000;1219_040;inny;produkcja wyrobów z tworzyw sztucznych;działający / czynny;1991.000000;;0.080000;nie;574798.330000;235820.060000;produkcja opakowań kosmetycznych, zakład posiada emitor 1219_032, pozostałych informacji nie udzielono;997;24.01.2014, 13:44;;574798,33;235820,06
8337;8262.000000;1219_041;rolno-spożywczy i rolny;przedsiębiorstwa hodowlane i zakłady przetwórstwa produktów zwierzęcych;działający / czynny;;;0.210000;nie;573595.930000;237133.590000;"zakad posyada emitor 1219_033; pozostałych informacji nie udzielono";997;24.01.2014, 13:44;;573595,93;237133,59
8338;8263.000000;1219_042;metalurgiczny;galwanizernie;działający / czynny;1959.000000;;0.220000;tak;575464.240000;234971.600000;"zakład posiada emitor 1219_034; pozostałych informacji nie udzielono";997;24.01.2014, 13:44;28.07.2014, 12:16;575464,24;234971,6
8339;8264.000000;1219_043;inny;inny;działający / czynny;1991.000000;;0.380000;nie;577277.060000;238462.390000;"produkcja zniczy i lampionów ekologicznych w obudowach szklanych i plastikowych, zakład posiada emitor 1219_035; pozostałych informacji nie udzielono";974;24.01.2014, 13:44;;577277,06;238462,39
8350;8730.000000;1261_112;chemiczny;kosmetyki i wyroby toaletowe;działający / czynny;;;0.380000;nie;571303.740000;241598.130000;Produkcja: kremy do rąk, paznokci, stóp, żel do mycia, dezodoranty. Dodatkowe obiekty: emitor (1261_057).;973;24.01.2014, 13:44;;571303,74;241598,13
8351;8731.000000;1261_111;mineralny;produkcja ceramiki (szlachetnej i budowlanej;działający / czynny;;;2.260000;tak;567521.250000;240215.940000;Produkcja: cegła, pustaki. Dodatkowe obiekty: emitor (1261_056), obiekt do odzysku (…) (1261_020).;973;24.01.2014, 13:44;;567521,25;240215,94
8352;8732.000000;1261_110;inny;poligraficzny (drukarnie, zakłady introligatorskie);działający / czynny;;;0.150000;nie;568864.270000;242843.790000;Produkcja: etykiety, opakowania kartonowe (nadruk), materiały promocyjne.;973;24.01.2014, 13:44;;568864,27;242843,79
8353;8733.000000;1261_109;metalurgiczny;zakłady powierzchniowej obróbki metali i ślusarnie;działający / czynny;2006.000000;;12.310000;tak;566545.200000;238554.620000;Produkcja: armatura sanitarna, hydrauliczna i grzewcza. Dodatkowe obiekty: emitor (1261_055).;973;24.01.2014, 13:44;;566545,2;238554,62
8354;8734.000000;1261_140;mineralny;produkcja ceramiki (szlachetnej i budowlanej;działający / czynny;;;13.690000;tak;577071.000000;245660.910000;Produkcja: ceramiczne materiały ogniotrwałe. Pozwolenie zintegrowane wydane na Przedsiębiorstwo Materiałów Ogniotrwałych Komex Sp. z o.o. (wcześniejsza nazwa zakładu). Dodatkowe obiekty: emitor (1261_071), obiekt do odzysku (…) (1261_024).;974;24.01.2014, 13:44;;577071;245660,91
8355;8735.000000;1261_108;inny;papierniczy - zakłady celulozowe i papiernicze;działający / czynny;1947.000000;;0.120000;nie;566585.810000;245665.180000;Produkcja: karty do gry, puzzle, zabawki. Dodatkowe obiekty: emitor (1261_054).;973;24.01.2014, 13:44;;566585,81;245665,18
8362;8565.000000;1206_003;mineralny;produkcja ceramiki (szlachetnej i budowlanej;działający / czynny;;;17.100000;tak;558890.300000;235055.570000;"zakład produkuje ceramiczne materiały ogniotrwałe m.in. ceramiczne produkty włókniste, tygle typu 'SOLAR"", formowane kształtki i prostki do ciągłego odlewania stali; zakład posiada emitor [1206_003]; pozostałych informacji nie udzielono";996;24.01.2014, 13:44;;558890,3;235055,57
8363;8566.000000;1206_004;metalurgiczny;produkcja ołowiu, cynku i cyny;działający / czynny;;;;nie;557043.510000;233671.270000;"zakład produkuje cynk oraz pył cynkowy dla różnych gałęzi przemysłu; zakład posiada instalację do odzysku i unieszkodliwiania odpadów [1206_002]; pozostałych informacji nie udzielono";996;24.01.2014, 13:44;;557043,51;233671,27
8364;8567.000000;1206_005;metalurgiczny;inne metale nieżelazne;działający / czynny;;;1.100000;nie;557201.460000;233503.530000;"firma produkuje aluminium hutnicze; pozostałych informacji nie udzielono";996;24.01.2014, 13:44;;557201,46;233503,53
8379;8662.000000;1206_100;elektromaszynowy;elektrotechniczny i elektroniczny;działający / czynny;;;1.120000;nie;559465.720000;249237.420000;"producent toroidalnych: transformatorów, przekładników prądowych, dławików magazynujących, dławików do tłumienia zakłóceń; pozostałych informacji nie udzielono";973;24.01.2014, 13:44;;559465,72;249237,42
8380;8663.000000;1206_101;elektromaszynowy;elektrotechniczny i elektroniczny;działający / czynny;1986.000000;;2.800000;nie;556767.760000;250682.050000;firma projektuje oraz produkuje elektroniczną aparaturę medyczną, urządzenia elektrotechniczne i narzędzia precyzyjne (elektrokardiografy, systemy holtera itp.) pozostałych informacji nie udzielono;973;24.01.2014, 13:44;;556767,76;250682,05
8381;8664.000000;1206_102;elektromaszynowy;precyzyjny (fabryki zegarków, instrumentów pomiarowych, wag i innych urządzeń precyzyjnych);działający / czynny;1966.000000;;0.400000;nie;558943.170000;249261.760000;"firma produkuje rezystory termometryczne, bardzo szeroką gamę czujników do pomiaru temperatury (rezystancyjnych i termoparowych), regulatory temperatury, precyzyjne części mechaniczne (toczone, frezowane, wiercone); pozostałych informacji nie udzielono";973;24.01.2014, 13:44;;558943,17;249261,76
8382;8665.000000;1206_103;elektromaszynowy;maszynowy (fabryki silników, obrabiarek, maszyn do różnych rodzajów przemysłu);działający / czynny;1996.000000;;2.600000;nie;556885.230000;250594.730000;"producent linii produkcyjnych dla różnych gałęzi przemysłu oraz wentylatorów przemysłowych; pozostałych informacji nie udzielono";973;24.01.2014, 13:44;;556885,23;250594,73
8383;8666.000000;1206_104;mechaniczny;zakłady mechaniczne;działający / czynny;1992.000000;;0.220000;nie;559071.340000;249514.450000;"specjalnością firmy są prototypy maszyn i urządzeń dla przemysłu chemicznego, farmaceutycznego, spożywczego, cukrowniczego, motoryzacyjnego, poligraficznego, budowlanego; zakład posiada emitor [1206_ 033]; pozostałych informacji nie udzielono";973;24.01.2014, 13:44;;559071,34;249514,45
8384;8667.000000;1206_105;metalurgiczny;zakłady powierzchniowej obróbki metali i ślusarnie;działający / czynny;1932.000000;;0.300000;nie;557370.860000;250927.980000;zakład produkuje głównie żeliwne elementy małej architektury (ławki, słupki uliczne, stoły ogrodowe), kratki kanalizacyjne oraz odlewy przemysłowe takie jak elementy trakcji kolejowych, dodatkowo firma wykonuje urządzenia do diagnostyki samochodowej (np. stanowisko diagnostyczne do badania alternatorów i rozruszników);973;24.01.2014, 13:44;;557370,86;250927,98
8387;8736.000000;1261_107;metalurgiczny;stal i żelazo (hutnictwo stali i żelaza);działający / czynny;;;0.500000;tak;578322.840000;246833.610000;Produkcja: wyroby walcowane na gorąco (kątowniki, pręty). Dodatkowe obiekty: emitor (1261_053).;974;24.01.2014, 13:44;;578322,84;246833,61
8388;8737.000000;1261_106;rolno-spożywczy i rolny;produkcja artykułów spożywczych i napojów;działający / czynny;;;1.130000;nie;569792.300000;245807.920000;Produkcja: herbaty, preparaty dezynfekcyjne, leki na bazie ziół, syropy, kosmetyki. Dodatkowe obiekty: emitor (1261_052).;973;24.01.2014, 13:44;;569792,3;245807,92
8389;8738.000000;1261_105;elektromaszynowy;precyzyjny (fabryki zegarków, instrumentów pomiarowych, wag i innych urządzeń precyzyjnych);działający / czynny;;;0.120000;nie;566333.330000;241984.150000;Produkcja: systemy monitoringu procesu spalania, pyłomierze. Nie udzielono brakujących w karcie informacji.;973;24.01.2014, 13:44;;566333,33;241984,15
8392;8283.000000;1219_062;rolno-spożywczy i rolny;produkcja artykułów spożywczych i napojów;działający / czynny;1995.000000;;0.300000;nie;573285.790000;237218.210000;pozostałych informacji nie udzielono;997;24.01.2014, 13:44;;573285,79;237218,21
8396;8237.000000;1219_017;rolno-spożywczy i rolny;przedsiębiorstwa hodowlane i zakłady przetwórstwa produktów zwierzęcych;działający / czynny;1994.000000;;0.850000;nie;585572.950000;240484.280000;"zakład przetwórstwa mięsnego do roku 2011 funkcjonował pod nazwą ""STASTNIK POLSKA"" Sp. z o.o.,  posiada emitor 1219_018; pozstałych informacji nie udzielono";974;24.01.2014, 13:44;;585572,95;240484,28
8397;8568.000000;1206_006;rolno-spożywczy i rolny;produkcja artykułów spożywczych i napojów;działający / czynny;1993.000000;;5.100000;nie;558256.620000;234227.290000;"zakład produkcji ciastkarskiej; zakład posiada emitor [1206_004]; pozostałych informacji nie udzielono";996;24.01.2014, 13:44;;558256,62;234227,29
8434;8238.000000;1219_018;mineralny;produkcja ceramiki (szlachetnej i budowlanej;działający / czynny;;;3.140000;nie;580594.070000;237923.030000;"zakład posiada emitor 1219_019; pozostałych informacji nie udzielono";974;24.01.2014, 13:44;;580594,07;237923,03
8435;8239.000000;1219_019;inny;produkcja wyrobów z tworzyw sztucznych;działający / czynny;1994.000000;;5.880000;nie;580803.860000;237873.280000;produkcja okien, pozostałych informacji nie udzielono;974;24.01.2014, 13:44;;580803,86;237873,28
8436;8240.000000;1219_020;elektromaszynowy;maszynowy (fabryki silników, obrabiarek, maszyn do różnych rodzajów przemysłu);działający / czynny;2004.000000;;2.160000;nie;576893.000000;236979.160000;"montaż zaworów m.in. termostatycznych i rozdzielaczy do ogrzewania podłogowego, spawane i montowane kotłów na pelet; zakład posiada emitor 1219_021; pozostałych informacji nie udzielono";997;24.01.2014, 13:44;;576893;236979,16
8437;8241.000000;1219_021;elektromaszynowy;elektrotechniczny i elektroniczny;działający / czynny;;;0.230000;nie;576462.530000;236312.550000;"produkcja oświetlenia samochodowego, zakład posiada emitor 1219_022; pozostałych informacji nie udzielono";997;24.01.2014, 13:44;;576462,53;236312,55
8438;8242.000000;1219_022;rolno-spożywczy i rolny;fabryki mączki paszowej i pasz treściwych, fabryki przerabiające odpadki przemysłu spożywczego;działający / czynny;1997.000000;;2.260000;tak;585549.000000;240664.420000;"na terenie zakładu znajduje się emitor 1219_023 i obiekt odzysku odpadów 1219_006; pozostałych informacji nie udzielono";974;24.01.2014, 13:44;;585549;240664,42
8489;8759.000000;1261_084;inny;lekki - zakłady włókiennicze, skórzane, tekstylne i farbiarnie;działający / czynny;1992.000000;;0.840000;nie;566858.600000;238337.790000;Produkcja: odzież reklamowa, robocza i promocyjna. Dodatkowe obiekty: emitor (1261_040).;973;24.01.2014, 13:44;;566858,6;238337,79
8490;8760.000000;1261_083;rolno-spożywczy i rolny;produkcja artykułów spożywczych i napojów;działający / czynny;1995.000000;;0.410000;nie;570129.780000;241844.320000;Produkcja: herbaty. Nie udzielono brakujących w karcie informacji.;973;24.01.2014, 13:44;;570129,78;241844,32
8491;8761.000000;1261_082;rolno-spożywczy i rolny;produkcja artykułów spożywczych i napojów;działający / czynny;;;0.810000;nie;572652.450000;240913.910000;Działalność: palarnia kawy. Nie udzielono brakujących informacji.;974;24.01.2014, 13:44;;572652,45;240913,91
8519;8224.000000;1219_005;chemiczny;gumowe;działający / czynny;1991.000000;;0.360000;nie;573080.120000;237808.690000;"produkcja drobnych elementów z gumy dla przemysłu samochodowego; na terenie zakładu znajduje się emitor 1219_006; pozostałych informacji nie udzielono";974;24.01.2014, 13:44;;573080,12;237808,69
8520;8225.000000;1219_006;rolno-spożywczy i rolny;produkcja artykułów spożywczych i napojów;działający / czynny;1975.000000;;0.850000;nie;575366.950000;235856.220000;"zakład produkcyjny - warzelnia posiada emitor 1219_007; pozostałych informacji nie udzielono";997;24.01.2014, 13:44;;575366,95;235856,22
8521;8226.000000;1219_007;chemiczny;gumowe;działający / czynny;1979.000000;;0.810000;nie;578564.470000;239429.310000;"produkcja formowych artykułów gumowych i gumowo-metalowych dla motoryzacji, rolnictwa, górnictwa i innych gałęzi przemysłu oraz regeneracja i produkcja wałków gumowo-metalowych dla poligrafii; zakład posiada emitor 1219_008; pozostałych informacji nie udzielono";974;24.01.2014, 13:44;;578564,47;239429,31
8552;8569.000000;1206_007;metalurgiczny;inne metale nieżelazne;działający / czynny;2003.000000;;15.600000;tak;559652.300000;235392.920000;" zakład zajmuje się produkcją wymienników ciepła dla przemysłu samochodowego oraz piór, ramion i mechanizmów wycieraczek; oczyszczone wody opadowe trafiają do potoku Rzepnik w zlewni rzeki Skawinki, ścieki komunalne i przemysłowe trafiają do kanalizacji a następnie oczyszczalni gminnej; zakład posiada emitor [1206_005]; pozostałych informacji nie udzielono";996;24.01.2014, 13:44;;559652,3;235392,92
8553;8570.000000;1206_008;metalurgiczny;inne metale nieżelazne;działający / czynny;1990.000000;;15.000000;tak;557043.770000;233813.090000;"podana ilość ścieków dotyczy dwóch zakładów: w Oświęcimiu oraz w Skawinie; zakład produkuje stopy aluminiowe, wióry aluminiowe, zgary, odtleniacze do stali; zakład posiada: instalację do odzysku i unieszkodliwiania odpadów [1206_003], emitor [1206_006]; pozostałych informacji nie udzielono";996;24.01.2014, 13:44;;557043,77;233813,09
8555;8586.000000;1206_024;metalurgiczny;zakłady powierzchniowej obróbki metali i ślusarnie;działający / czynny;1999.000000;;2.700000;nie;558428.870000;234732.320000;"producent podtynkowych ram montażowych do WC, umywalek, bidetów i pisuarów; zakład posiada emitor [1206_014]; pozostałych informacji nie udzielono";996;24.01.2014, 13:44;;558428,87;234732,32
8557;8588.000000;1206_026;rolno-spożywczy i rolny;przedsiębiorstwa hodowlane i zakłady przetwórstwa produktów zwierzęcych;działający / czynny;;;0.080000;nie;559138.750000;233955.300000;pozostałych informacji nie udzielono;996;24.01.2014, 13:44;;559138,75;233955,3
8559;8227.000000;1219_008;mineralny;produkcja ceramiki (szlachetnej i budowlanej;działający / czynny;1994.000000;;0.990000;nie;580579.550000;241801.770000;"produkcja betonu, zakład posiada emitor 1219_009; pozostałych informacji nie udzielono";974;24.01.2014, 13:44;;580579,55;241801,77
8560;8259.000000;1219_038;inny;prztwórstwo drewna - zakłady produkcji wyrobów z drewna;działający / czynny;1990.000000;;0.200000;nie;584149.180000;239374.720000;"produkcja ram drewnianych, plastikowych, aluminiowych; pozostałych informacji nie udzielono";974;24.01.2014, 13:44;22.07.2014, 17:00;584149,18;239374,72
8591;8243.000000;1219_023;rolno-spożywczy i rolny;przedsiębiorstwa hodowlane i zakłady przetwórstwa produktów zwierzęcych;działający / czynny;1997.000000;;0.340000;tak;585654.830000;240612.690000;"ubojnia drobiu posiada emitor 1219_024 oraz magazyn substancji niebezpiecznych 1219_002; pozostałych informacji nie udzielono";974;24.01.2014, 13:44;;585654,83;240612,69
8592;8244.000000;1219_024;rolno-spożywczy i rolny;produkcja artykułów spożywczych i napojów;działający / czynny;1993.000000;;14.500000;tak;585117.420000;239816.150000;"produkcja napojów niealkoholowych; zakład posiada emitor 1219_025, oczyszczalnię 1219_001, 2 bazy transportowe 1219_004 i 1219_005 oraz stację paliw 1219_031";974;24.01.2014, 13:44;;585117,42;239816,15
8594;8246.000000;1219_026;mechaniczny;zakłady produkcji i naprawy pojazdów;działający / czynny;2007.000000;;2.150000;nie;584545.670000;241681.560000;"produkcja wywrotek, zakład posiada emitor 1219_026; pozostałych informacji nie udzielono";974;24.01.2014, 13:44;;584545,67;241681,56
8631;8743.000000;1261_100;metalurgiczny;zakłady powierzchniowej obróbki metali i ślusarnie;działający / czynny;1968.000000;;1.350000;nie;575172.090000;240783.870000;Produkcja: szafy rozdzielnic i teleinformatyczne, drzwi rewizyjne. Ilość odpadów łączna dla 2 podmiotów Sabaj II Sp. z o.o. oraz Sabaj-System Sp. z o.o. działających w tym samym miejscu. Dodatkowe obiekty: emitor (1261_049).;974;24.01.2014, 13:44;;575172,09;240783,87
8632;8744.000000;1261_099;inny;prztwórstwo drewna - zakłady produkcji wyrobów z drewna;działający / czynny;1950.000000;;0.550000;nie;570750.570000;239417.820000;Produkcja: zabawki i opakowania drewniane. Nie udzielono informacji o oddziaływaniu na środowisko.;973;24.01.2014, 13:44;;570750,57;239417,82
8633;8745.000000;1261_098;elektromaszynowy;elektrotechniczny i elektroniczny;działający / czynny;;;0.550000;nie;566660.660000;245680.800000;Produkcja: aparaty telefoniczne, domofony, układy sygnalizacyjne, gniazdka telefoniczne, ochronniki przepięciowe. Dodatkowe obiekty: emitor (1261_048).;973;24.01.2014, 13:44;;566660,66;245680,8
8634;8746.000000;1261_097;metalurgiczny;zakłady powierzchniowej obróbki metali i ślusarnie;działający / czynny;1966.000000;;9.600000;tak;576901.410000;245862.560000;Produkcja: odlewy stalowe i żeliwne. W roku 1995 podmiot został wydzielony ze struktur Huty im. Sędzimira. Oczyszczanie ścieków mechaniczne - oczyszczalnia nie spełnia kryteriów ""Instrukcji…"". Dodatkowe obiekty: emitor (1261_047), obiekt do odzysku (…) (1261_014).;974;24.01.2014, 13:44;;576901,41;245862,56
8636;8250.000000;1219_029;chemiczny;tworzywa sztuczne;działający / czynny;2005.000000;;2.780000;tak;584362.490000;241744.390000;"produkcja tworzyw sztucznych w formach podstawowych estry, żywice itd.; zakład posiada emitor 1219_028; pozostałych informacji nie udzielono";974;24.01.2014, 13:44;28.07.2014, 12:22;584362,49;241744,39
8637;8251.000000;1219_030;mechaniczny;inne;działający / czynny;1988.000000;;2.060000;nie;586242.450000;241717.040000;"produkcja maszyn drogowych; pozostałych informacji nie udzielono";974;24.01.2014, 13:44;;586242,45;241717,04
8638;8252.000000;1219_031;elektromaszynowy;maszynowy (fabryki silników, obrabiarek, maszyn do różnych rodzajów przemysłu);działający / czynny;2005.000000;;7.270000;nie;585199.430000;240974.130000;"produkcja silników turbinowych; pozostałych informacji nie udzielono";974;24.01.2014, 13:44;;585199,43;240974,13
8654;8256.000000;1219_035;rolno-spożywczy i rolny;inny (np. produkcja wyrobów tytoniowych, szklarnie kwiatowe, itp.);działający / czynny;2001.000000;;6.860000;nie;584917.720000;241828.600000;Produkcja karmy dla psów i kotów. Zakład posiada emitor 1219_030. Pozostałych informacji nie udzielono.;974;24.01.2014, 13:44;;584917,72;241828,6
8670;8747.000000;1261_096;metalurgiczny;zakłady powierzchniowej obróbki metali i ślusarnie;działający / czynny;1995.000000;;0.800000;nie;571810.550000;243454.050000;Produkcja: formy metalowe (przekładnie zębate, obudowy, itp.). Nie udzielono brakujących w karcie informacji.;974;24.01.2014, 13:44;;571810,55;243454,05
8686;8762.000000;1261_081;mineralny;produkcja ceramiki (szlachetnej i budowlanej;działający / czynny;;;1.000000;nie;568304.550000;248002.910000;Produkcja: miesznaki betonowe. Dodatkowe obiekty: emitor (1261_038), obiekt do odzysku (…) (1261_011). Ścieki: 0,001 oznacza brak ścieków.;973;24.01.2014, 13:44;;568304,55;248002,91
8687;8763.000000;1261_080;mineralny;produkcja ceramiki (szlachetnej i budowlanej;działający / czynny;;;0.820000;nie;567596.120000;240409.060000;Produkcja: miesznaki betonowe. Dodatkowe obiekty: emitor (1261_037), obiekt do odzysku (…) (1261_010). Ścieki: 0,001 oznacza brak ścieków.;973;24.01.2014, 13:44;;567596,12;240409,06
8688;8764.000000;1261_079;inny;produkcja wyrobów z tworzyw sztucznych;działający / czynny;1997.000000;;0.530000;nie;564328.910000;238142.000000;Produkcja: okna i drzwi PCV. Dodatkowe obiekty: emitor (1261_036).;973;24.01.2014, 13:44;;564328,91;238142
8689;8765.000000;1261_078;chemiczny;gumowe;działający / czynny;1988.000000;;0.190000;nie;568546.110000;247083.350000;Produkcja: wyroby gumowe (uszczelki, zgarniacze, pierścienie), kleje i uszczelniacze, tworzywa epoksydowe.;973;24.01.2014, 13:44;;568546,11;247083,35
8690;8766.000000;1261_077;rolno-spożywczy i rolny;produkcja artykułów spożywczych i napojów;działający / czynny;1931.000000;;6.460000;nie;569654.850000;244388.160000;Produkcja: napoje alkoholowe. Nie udzielono informacji o ściekach.;973;24.01.2014, 13:44;;569654,85;244388,16
8691;8580.000000;1206_018;chemiczny;wytwórstwo powłok (farby, lakiery, atramenty);działający / czynny;1972.000000;;0.700000;nie;557395.890000;233978.370000;"chemia dekoracyjna, wykończeniowa (farby, lakiery), budowlana (rozcieńczalniki) a także motoryzacyjna (płyny do spryskiwaczy) i dla gospodarstw domowych (środki czystości, do usuwania kamienia); zakład posiada emitor [1206_012]; pozostałych informacji nie udzielono";996;24.01.2014, 13:44;;557395,89;233978,37
8692;8581.000000;1206_019;rolno-spożywczy i rolny;produkcja artykułów spożywczych i napojów;działający / czynny;1948.000000;;0.400000;nie;558260.550000;234176.280000;"zakład produkuje wyroby z pieczywa słonego: paluszki, krakersy itd.; zakład posiada emitor [1206_013]; pozostałych informacji nie udzielono";996;24.01.2014, 13:44;;558260,55;234176,28
8693;8582.000000;1206_020;elektromaszynowy;maszynowy (fabryki silników, obrabiarek, maszyn do różnych rodzajów przemysłu);działający / czynny;1973.000000;;0.250000;nie;557205.700000;234085.480000;zakład produkuje maszyny dla przemysłu m.in. kablowego (ciągarki drutu), przemysłu z tworzyw sztucznych (np. wytłaczarki) oraz projektuje i wdraża systemy sterowania dla maszyn i linii produkcyjnych, pozostałych informacji nie udzielono;996;24.01.2014, 13:44;;557205,7;234085,48
8694;8583.000000;1206_021;metalurgiczny;zakłady powierzchniowej obróbki metali i ślusarnie;działający / czynny;;;0.580000;nie;557277.140000;233588.660000;"Treko Laser świadczy usługi w zakresie wycinania, gięcia i spawania elementów wykonanych ze stali konstrukcyjnej, stali nierdzewnej i aluminium; pozostałych informacji nie udzielono";996;24.01.2014, 13:44;;557277,14;233588,66
8695;8257.000000;1219_036;metalurgiczny;galwanizernie;działający / czynny;2005.000000;;;tak;584363.180000;241601.870000;"galwanizernia; zakład posiada oczyszczalnię 1219_008 i emitor 1219_031; pozostałych informacji nie udzielono";974;24.01.2014, 13:44;;584363,18;241601,87
8697;8571.000000;1206_009;elektromaszynowy;maszynowy (fabryki silników, obrabiarek, maszyn do różnych rodzajów przemysłu);działający / czynny;2000.000000;;0.500000;nie;557039.800000;233576.820000;"oferta zakładu obejmuje: wykonawstwo maszyn i urządzeń dla przemysłu samochodowego, kablowego i medycznego oraz produkcja pasemek z miedzi do produkcji kabli; pozostałych informacji nie udzielono";996;24.01.2014, 13:44;;557039,8;233576,82
8728;8229.000000;1219_010;mechaniczny;zakłady produkcji i naprawy pojazdów;działający / czynny;2005.000000;;51.600000;nie;584127.350000;240986.790000;"zakład zajmuje się montażem samochodów ciężąrowych; pozostałych informacji nie udzielono";974;24.01.2014, 13:44;;584127,35;240986,79
8729;8230.000000;1219_011;elektromaszynowy;maszynowy (fabryki silników, obrabiarek, maszyn do różnych rodzajów przemysłu);działający / czynny;;;6.790000;nie;585228.520000;241340.090000;"produkcja maszyn np. sprężąrek oraz części do maszyn, zakład posiada emitor 1219_012; pozostałych informacji nie udzielono";974;24.01.2014, 13:44;;585228,52;241340,09
8730;8231.000000;1219_012;elektromaszynowy;elektrotechniczny i elektroniczny;działający / czynny;1995.000000;;0.130000;nie;579003.390000;235892.540000;"produkcja lamp i żyrandoli; zakład posiada emitor 1219_013; pozostałych informacji nie udzielono";997;24.01.2014, 13:44;;579003,39;235892,54
8732;8234.000000;1219_014;mineralny;produkcja ceramiki (szlachetnej i budowlanej;działający / czynny;;;1.320000;nie;584050.550000;241731.220000;"zakład posiada obiekt do odzysku 1219_003 i emitor 1219_013; pozostałych informacji nie udzielono";974;24.01.2014, 13:44;;584050,55;241731,22
8734;8236.000000;1219_016;mineralny;produkcja ceramiki (szlachetnej i budowlanej;działający / czynny;;;3.930000;nie;585581.720000;241803.580000;"produkcja kostki brukowej i elementów drogowych, zakład posiada emitor 1219_017 i obiekt do odzysku 1219_004; pozostałych informacji nie udzielono";974;24.01.2014, 13:44;;585581,72;241803,58
8739;8584.000000;1206_022;metalurgiczny;zakłady powierzchniowej obróbki metali i ślusarnie;działający / czynny;1992.000000;;2.110000;nie;559764.490000;235528.850000;"zakład produkuje armaturę sanitarną, przepływową, naczynia wzbiorcze oraz inne urządzenia techniki grzewczej; pozostałych informacji nie udzielono";996;24.01.2014, 13:44;;559764,49;235528,85
8763;8265.000000;1219_044;inny;prztwórstwo drewna - zakłady produkcji wyrobów z drewna;działający / czynny;;;0.790000;nie;577139.510000;238118.400000;"produkcja stolarki okiennej, zakład posiada emitor 1219_036; pozostałych informacji nie udzielono";974;24.01.2014, 13:44;;577139,51;238118,4
8799;8266.000000;1219_045;elektromaszynowy;elektrotechniczny i elektroniczny;działający / czynny;2002.000000;;0.910000;nie;577094.280000;232748.400000;"zakład zajmuje się produkcją oświetlenia i galwanizacją, zakład posiada emitor 1219_037; pozostałych informacji nie udzielono";997;24.01.2014, 13:44;;577094,28;232748,4
8800;8267.000000;1219_046;chemiczny;kosmetyki i wyroby toaletowe;działający / czynny;1990.000000;;0.570000;nie;583983.370000;241678.970000;"produkcja kosmetyków, zakład posiada emitor 1219_038; pozostałych informacji nie udzielono";974;24.01.2014, 13:44;;583983,37;241678,97
8801;8268.000000;1219_047;inny;prztwórstwo drewna - zakłady produkcji wyrobów z drewna;działający / czynny;1999.000000;;1.340000;nie;584264.890000;241968.960000;"produkcja schodów i balustrad, zakład posiada emitor 1219_039; pozostałych informacji nie udzielono";974;24.01.2014, 13:44;;584264,89;241968,96
8802;8269.000000;1219_048;metalurgiczny;zakłady powierzchniowej obróbki metali i ślusarnie;działający / czynny;1990.000000;;1.940000;tak;585326.980000;240963.040000;"produkcja metalowych opakowań, zakład posiada emitor 1219_040; pozostałych informacji nie udzielono";974;24.01.2014, 13:44;;585326,98;240963,04
8823;8748.000000;1261_095;rolno-spożywczy i rolny;produkcja artykułów spożywczych i napojów;działający / czynny;1948.000000;;2.520000;tak;570125.680000;245219.090000;Produkcja: mąki. Dodatkowe obiekty: emitor (1261_046).;973;24.01.2014, 13:44;28.07.2014, 13:00;570125,68;245219,09
8824;8749.000000;1261_094;inny;produkcja wyrobów z tworzyw sztucznych;działający / czynny;1995.000000;;0.670000;nie;574726.530000;241125.710000;Produkcja: uchwyty, gałki, stopki i rolki do mebli wykonane z tworzyw sztucznych, metalu i drewna. Dodatkowe obiekty: magazyn substancji niebezpiecznych (1261_004).;974;24.01.2014, 13:44;;574726,53;241125,71
8825;8750.000000;1261_093;chemiczny;farmaceutyki (leki);działający / czynny;1931.000000;;21.080000;nie;569567.090000;244918.620000;Produkcja: produkty farmaceutyczne. Dodatkowe obiekty: emitor (1261_045).;973;24.01.2014, 13:44;;569567,09;244918,62
8826;8751.000000;1261_092;chemiczny;farmaceutyki (leki);działający / czynny;1994.000000;;0.200000;nie;568666.660000;242744.440000;Produkcja: surowce do produkcji farmaceutycznej i weterynaryjnej oraz do produkcji kosmetyków. Nie udzielono brakujących w karcie informacji.;973;24.01.2014, 13:44;;568666,66;242744,44
8827;8752.000000;1261_091;inny;produkcja wyrobów z tworzyw sztucznych;działający / czynny;;;0.090000;nie;569040.360000;242873.950000;Produkcja: reklamy, banery. Ilość odpadu łączna dla firm Ergo Sp. z o.o. oraz Ergo Form s.j. działających w tym samym miejscu. Nie udzielono brakujących w karcie informacji.;973;24.01.2014, 13:44;;569040,36;242873,95
8828;8753.000000;1261_090;chemiczny;farmaceutyki (leki);działający / czynny;1994.000000;;0.390000;nie;574018.000000;239581.470000;Produkcja: syropy, maści, olejki, nalewki. Nie udzielono brakujących w karcie informacji.;974;24.01.2014, 13:44;;574018;239581,47
8829;8754.000000;1261_089;inny;poligraficzny (drukarnie, zakłady introligatorskie);działający / czynny;;;5.490000;tak;572819.670000;241592.300000;Działalność: usługi poligraficzne i introligatorskie. Dodatkowe obiekty: emitor (1261_042).;974;24.01.2014, 13:44;;572819,67;241592,3
8830;8755.000000;1261_088;elektromaszynowy;maszynowy (fabryki silników, obrabiarek, maszyn do różnych rodzajów przemysłu);działający / czynny;1993.000000;;4.310000;nie;570103.980000;243237.750000;Produkcja: zgniatarki, żurawie, pogłębiarki, barki, motorówki, bębny i koła linowe, konstrukcje metalowe. Dodatkowe obiekty: emitor (1261_041). Zakład korzysta z sąsiadującego z zakładem Portu rzecznego Płaszów (1261_001).;973;24.01.2014, 13:44;;570103,98;243237,75
8831;8756.000000;1261_087;inny;produkcja wyrobów z tworzyw sztucznych;działający / czynny;1992.000000;;0.550000;nie;566642.430000;248281.780000;Produkcja: stałe elementy reklamowe - litery przestrzenne, kasetony, pylony, stoiska targowe, wykonywane z tworzyw sztucznych i aluminium.;973;24.01.2014, 13:44;;566642,43;248281,78
8832;8757.000000;1261_086;inny;poligraficzny (drukarnie, zakłady introligatorskie);działający / czynny;1992.000000;;0.370000;nie;572440.790000;241191.990000;Działalność: usługi poligraficzne i introligatorskie.;974;24.01.2014, 13:44;;572440,79;241191,99
8837;8767.000000;1261_076;chemiczny;tworzywa sztuczne;działający / czynny;1972.000000;;1.050000;nie;558704.520000;244887.960000;Produkcja: kleje, impregnaty do drewna, rozcienczalniki, piany, silikony, uszczelniacze, chemia motoryzacyjna i gospodarcza. Dodatkowe obiekty: emitor (1261_035).;973;24.01.2014, 13:44;;558704,52;244887,96
8838;8768.000000;1261_075;mineralny;produkcja ceramiki (szlachetnej i budowlanej;działający / czynny;;;0.720000;nie;564592.700000;237773.960000;Produkcja: mieszanki betonowe. Dodatkowe obiekty: obiekt do odzysku (…) (1261_009). Ilość odpadów łączna z zakładem Cembet Stachnik - Zakład Domagały (1261_074) oraz zakładem w Niepołomicach.;973;24.01.2014, 13:44;;564592,7;237773,96
8839;8769.000000;1261_074;mineralny;produkcja ceramiki (szlachetnej i budowlanej;działający / czynny;1992.000000;;2.760000;nie;575410.480000;241042.900000;Produkcja: mieszanki betonowe. Dodatkowe obiekty: obiekt do odzysku (…) (1261_008). Ilość odpadów łączna z zakładem Cembet Stachnik - Zakład Zawiła (1261_075) oraz zakładem w Niepołomicach.;974;24.01.2014, 13:44;;575410,48;241042,9
8840;8770.000000;1261_073;inny;poligraficzny (drukarnie, zakłady introligatorskie);działający / czynny;1990.000000;;1.020000;nie;565579.070000;248052.520000;Produkcja: puzzle. Nie udzielono brakujących w karcie informacji.;973;24.01.2014, 13:44;;565579,07;248052,52
8846;8572.000000;1206_010;inny;inny;działający / czynny;;;0.400000;nie;557010.430000;233444.790000;"firma specjalizuje się w termicznym i chemiczym oczyszczaniu metali z powłok lakierniczych, organicznych; zakład posiada emitor [1206_ 007]; pozostałych informacji nie udzielono";996;24.01.2014, 13:44;;557010,43;233444,79
8847;8573.000000;1206_011;metalurgiczny;inne metale nieżelazne;działający / czynny;1991.000000;;3.400000;nie;556925.500000;233395.050000;"zakład produkuje płatkowane i rozpylane proszki aluminium, brązu i cynku stosowane w przemyśle materiałów budowlanych, przemyśle metalurgicznym, chemicznym i materiałów wybuchowych; zakład posiada emitor [1206_008]; pozostałych informacji nie udzielono";996;24.01.2014, 13:44;;556925,5;233395,05
8848;8574.000000;1206_012;metalurgiczny;inne metale nieżelazne;działający / czynny;2001.000000;;1.200000;tak;557022.340000;233575.690000;"firma jest jednym z największych producentów walcówki oraz drutu i żył aluminiowych w kraju; zakład posiada emitor [1206_009], obiekt do odzysku i unieszkodliwiania odpadów [1206_004]";996;24.01.2014, 13:44;;557022,34;233575,69
8849;8575.000000;1206_013;metalurgiczny;inne metale nieżelazne;zamknięty / nieczynny;;2011.000000;4.000000;nie;557410.490000;233539.910000;"firma zajmuje się wtórnym wytopem aluminium - produkcją gąsek i innych odlewów z aluminium; zakład posiada emitor [1206_010]; pozostałych informacji nie udzielono";996;24.01.2014, 13:44;13.08.2014, 17:09;557410,49;233539,91
8850;8576.000000;1206_014;inny;poligraficzny (drukarnie, zakłady introligatorskie);działający / czynny;;;0.900000;nie;557079.230000;233461.320000;"producent naklejek na napoje i produkty żywnościowe; pozostałych informacji nie udzielono";996;24.01.2014, 13:44;;557079,23;233461,32
8861;8758.000000;1261_085;rolno-spożywczy i rolny;produkcja artykułów spożywczych i napojów;działający / czynny;1993.000000;;0.030000;nie;567557.100000;241162.750000;Produkcja: makarony. Nie udzielono brakujących w karcie informacji.;973;24.01.2014, 13:44;;567557,1;241162,75
8874;8771.000000;1261_072;metalurgiczny;zakłady powierzchniowej obróbki metali i ślusarnie;działający / czynny;1993.000000;;0.430000;nie;579985.930000;247921.550000;Produkcja: metalowe: meble biurowe, łóżka, stoliki nocne, stelaże, podpory rurowe i tależowe, ogrodzenia, balustrady, pylony.;974;24.01.2014, 13:44;;579985,93;247921,55
8875;8772.000000;1261_071;rolno-spożywczy i rolny;produkcja artykułów spożywczych i napojów;działający / czynny;;;0.350000;nie;567368.580000;243288.680000;Produkcja: wyroby garmażeryjne. Nie udzielono brakujących w karcie informacji.;973;24.01.2014, 13:44;;567368,58;243288,68
8876;8773.000000;1261_070;inny;produkcja wyrobów z tworzyw sztucznych;działający / czynny;1989.000000;;0.450000;nie;564571.800000;238501.830000;Produkcja: doniczki, podstawki, świeczniki, skrzynki balkonowe.;973;24.01.2014, 13:44;;564571,8;238501,83
8877;8774.000000;1261_069;inny;poligraficzny (drukarnie, zakłady introligatorskie);działający / czynny;2011.000000;;0.590000;nie;574829.980000;241062.740000;Działalność: druk offsetowy, foliowanie, oprawianie. W związku z uruchomieniem działalności w 2011 roku, zakład nie podlegał żadnemu sprawozdaniu rocznemu dot. oddziaływania na środowisko przez co brak informacji o odpadach, ściekach i ew. emisji.;974;24.01.2014, 13:44;;574829,98;241062,74
8878;8775.000000;1261_068;metalurgiczny;galwanizernie;działający / czynny;1997.000000;;0.950000;nie;570741.260000;239374.640000;"Produkcja: instalacje odgromowe; działalność: ocynkownia. Dodatkowe obiekty: emitor (1261_034).";973;24.01.2014, 13:44;;570741,26;239374,64
8879;8776.000000;1261_067;inny;lekki - zakłady włókiennicze, skórzane, tekstylne i farbiarnie;działający / czynny;;;0.450000;nie;567053.330000;241330.230000;Produkcja: ręczniki, pościel, koce, poduszki i poszewki, szlafroki. Nie udzielono brakujących w karcie informacji.;973;24.01.2014, 13:44;;567053,33;241330,23
8880;8777.000000;1261_066;inny;poligraficzny (drukarnie, zakłady introligatorskie);działający / czynny;2009.000000;;0.380000;nie;564612.810000;247000.000000;Działalność: druk książek, folderów reklamowych, kalendarzy, plakatów, wizytówek.;973;24.01.2014, 13:44;;564612,81;247000
8884;8610.000000;1206_048;elektromaszynowy;elektrotechniczny i elektroniczny;działający / czynny;1990.000000;;0.140000;nie;567866.380000;234068.260000;"producent jednostronnych oraz dwustronnych elektronicznych obwodów drukowanych; pozostałych informacji nie udzielono";996;24.01.2014, 13:44;;567866,38;234068,26
8885;8577.000000;1206_015;chemiczny;kosmetyki i wyroby toaletowe;działający / czynny;2009.000000;;0.300000;nie;558113.220000;234278.360000;"zakład produkuje kosmetyki oraz suplementy diety w postaci maści, płynów, kremów, żeli, syropów, kapsułek, dodatkowo pakuje produkty do opakowań z tworzyw sztucznych oraz szkła, prowadzi także badania laboratoryjne nad recepturą produktów oraz ich jakością; pozostałych informacji nie udzielono";996;24.01.2014, 13:44;;558113,22;234278,36
8886;8578.000000;1206_016;inny;papierniczy - zakłady celulozowe i papiernicze;działający / czynny;2002.000000;;3.500000;nie;558340.580000;235425.780000;"zakład specjalizuje się w produkcji opakowań, zwłaszcza tekturowych z tektur ciężkich, pięcio i siedmiowarstwowych; pozostałych informacji nie udzielono";996;24.01.2014, 13:44;;558340,58;235425,78
8887;8579.000000;1206_017;mineralny;produkcja ceramiki (szlachetnej i budowlanej;działający / czynny;1997.000000;;0.650000;nie;557255.390000;233645.930000;"produkcja gładzi szpachlowych, tynków gipsowych, gruntów, farb akrylowych, plastyfikatorów do zapraw i betonu; pozostałych informacji nie udzielono";996;24.01.2014, 13:44;;557255,39;233645,93
8930;8621.000000;1206_059;rolno-spożywczy i rolny;inny (np. produkcja wyrobów tytoniowych, szklarnie kwiatowe, itp.);działający / czynny;1956.000000;;;nie;569962.490000;250658.710000;"zakład zajmuje się badaniem i oceną odrębności, wyrównania i trwałości odmian roślin warzywnych, badaniem i oceną wartości gospodarczej odmian; pozostałych informacji nie udzielono";973;24.01.2014, 13:44;;569962,49;250658,71
8931;8622.000000;1206_060;metalurgiczny;produkcja ołowiu, cynku i cyny;działający / czynny;1989.000000;;0.100000;nie;569231.450000;251598.780000;"producent stopów lutowniczych bezołowiowych, stopów niskotopliwych, anod cynowych; pozostałych informacji nie udzielono";973;24.01.2014, 13:44;;569231,45;251598,78
8932;8623.000000;1206_061;inny;poligraficzny (drukarnie, zakłady introligatorskie);działający / czynny;1989.000000;;0.500000;nie;569060.790000;250513.060000;"drukarnia ofsetowa; pozostałych informacji nie udzielono";973;24.01.2014, 13:44;;569060,79;250513,06
8933;8624.000000;1206_062;rolno-spożywczy i rolny;przedsiębiorstwa hodowlane i zakłady przetwórstwa produktów zwierzęcych;zamknięty / nieczynny;;;0.160000;nie;568994.780000;251657.780000;"ilość odpadów podana za ostatni rok fukcjonowania firmy tj. 2006; pozostałych informacji nie udzielono";973;24.01.2014, 13:44;;568994,78;251657,78
8934;8625.000000;1206_063;elektromaszynowy;elektrotechniczny i elektroniczny;działający / czynny;1989.000000;;0.300000;nie;565946.240000;249742.450000;"zakład produkuje artykuły elektryczne m.in.: przedłużacze domowe, przedłużacze w izolacji gumowej, urządzenia zabezpieczające, gniazda, wtyczki i rozgałęźniki; zakład posiada instalację do odzysku odpadów [1206_ 012]; pozostałych informacji nie udzielono";973;24.01.2014, 13:44;;565946,24;249742,45
9007;8679.000000;1206_117;rolno-spożywczy i rolny;przedsiębiorstwa hodowlane i zakłady przetwórstwa produktów zwierzęcych;działający / czynny;1999.000000;;0.400000;nie;556563.420000;237042.450000;"podana ilość odpadów została podana z okresu przed restrukturyzacją zakładu, w roku 2010 z pierwotnej działalności zakładu (ferma drobiu, ubojnia, wylęgarnia) pozostał tylko zakład wylęgu; potencjał zakładu to produkcja 12 milionów piskląt rocznie; pozostałych informacji nie udzielono";996;24.01.2014, 13:44;;556563,42;237042,45
9174;8713.000000;1261_129;chemiczny;mydło i detergenty;działający / czynny;1949.000000;;0.510000;nie;566620.200000;241225.850000;Produkcja: mydła w kostce i w płynie, płatki mydlane, szampony, kremy do rąk i paznokci, pasta myjące, płyny do mycia. Dodatkowe obiekty: emitor (1261_067).;973;24.01.2014, 13:44;;566620,2;241225,85
9175;8714.000000;1261_128;inny;poligraficzny (drukarnie, zakłady introligatorskie);działający / czynny;;;0.240000;nie;567887.030000;244732.920000;Działalność: usługi poligraficzne i introligatorskie (książki, czasopisma, kalendarze, formularze). Dodatkowe obiekty: emitor (1261_066).;973;24.01.2014, 13:44;;567887,03;244732,92
9176;8715.000000;1261_127;metalurgiczny;inne metale nieżelazne;działający / czynny;1974.000000;;0.410000;nie;569030.000000;242309.330000;Produkcja: pojemniki aluminiowe na aerozole, opakowania kartonowe, nadruki na opakowania. Dodatkowe obiekty: emitor (1261_065).;973;24.01.2014, 13:44;;569030;242309,33
9193;8689.000000;1261_154;inny;lekki - zakłady włókiennicze, skórzane, tekstylne i farbiarnie;działający / czynny;2005.000000;;0.080000;nie;566995.000000;247861.350000;Produkcja: kabury, pokrowce, futerały i skarpety na telefony i urządzenia GSM, PDA oraz MDA. Podmiot nie prowadzi ewidencji odpadów. Dodatkowe obiekty: emitor (1261_080).;973;24.01.2014, 13:44;;566995;247861,35
9194;8690.000000;1261_153;elektromaszynowy;maszynowy (fabryki silników, obrabiarek, maszyn do różnych rodzajów przemysłu);działający / czynny;2002.000000;;0.860000;nie;568100.000000;241210.000000;Produkcja: podnośniki, silniki do podnośników, czujniki trafień, czujniki inercyjne, ruchome cele, stojaki do broni, osprzęt i części zamienne do sprzętu wojskowego i policyjnego. Dodatkowe obiekty: emitor (1261_079).;973;24.01.2014, 13:44;;568100;241210
9195;8783.000000;1261_060;metalurgiczny;stal i żelazo (hutnictwo stali i żelaza);działający / czynny;;;876.100000;tak;577811.390000;247192.900000;Działalność: huta stali. Dodatkowe obiekty: baza transportowa (1261_020), emitor (1261_031), elektrownia (1261_001), magazyn substancji niebezpiecznych (1261_003), obiekt do odzysku (…) (1261_006), oczyszczalnia ścieków (1261_001), miejsce poważnej awarii (1261_004, 1261_005), zrzut ścieków (1261_002), zrzut ścieków (1261_003).;974;24.01.2014, 13:44;;577811,39;247192,9
9196;8784.000000;1261_059;mineralny;produkcja ceramiki (szlachetnej i budowlanej;działający / czynny;;;0.630000;nie;571787.000000;241064.710000;Produkcja: beton towarowy. Dodatkowe obiekty: emitor (1261_030).;974;24.01.2014, 13:44;;571787;241064,71
9222;8707.000000;1261_135;elektromaszynowy;elektrotechniczny i elektroniczny;działający / czynny;;;6.820000;nie;560998.200000;237064.350000;Produkcja: elektroniczne układy sterujące do samochodów. Nie udzielono brakujących w karcie informacji.;996;24.01.2014, 13:44;;560998,2;237064,35
9223;8708.000000;1261_134;metalurgiczny;zakłady powierzchniowej obróbki metali i ślusarnie;działający / czynny;;;0.720000;nie;577699.550000;245877.110000;Produkcja: formy korpusów do pras hydraulicznych i mechanicznych, elementy tłoczące i wyciskające do prac. Nie udzielono brakujących w karcie informacji.;974;24.01.2014, 13:44;;577699,55;245877,11
9224;8709.000000;1261_133;mineralny;produkcja ceramiki (szlachetnej i budowlanej;działający / czynny;;;9.730000;nie;574479.540000;249473.860000;Produkcja: cegły, pustaki i dachówki ceramiczne. Dodatkowe obikety: emitor (1261_069), zrzut ścieków (1261_008).;974;24.01.2014, 13:44;;574479,54;249473,86
9246;8694.000000;1261_144;mineralny;produkcja ceramiki (szlachetnej i budowlanej;działający / czynny;1993.000000;;0.480000;nie;569550.340000;243123.580000;Produkcja: beton towarowy. Zakład nie wykazuje odpadów ani ścieków. Odpady i ścieki: 0,001 oznacza brak odpadów i ścieków.;973;24.01.2014, 13:44;;569550,34;243123,58
9247;8695.000000;1261_145;mineralny;produkcja ceramiki (szlachetnej i budowlanej;działający / czynny;;;0.690000;nie;578776.510000;245113.920000;Produkcja: mieszanki asfaltowe. Zakład nie wykazuje odpadów ani ścieków. Dodatkowe obiekty: obiekt do odzysku (…) (1261_025). Odpady i ścieki: 0,001 oznacza brak odpadów i ścieków.;974;24.01.2014, 13:44;;578776,51;245113,92
9248;8696.000000;1261_146;mineralny;produkcja ceramiki (szlachetnej i budowlanej;działający / czynny;;;1.570000;nie;572702.460000;240644.040000;Produkcja: beton asfaltowy. Dodatkowe obiekty: emitor (1261_074). Ścieki: 0,001 oznacza brak ścieków.;974;24.01.2014, 13:44;;572702,46;240644,04
9287;8697.000000;1261_147;mineralny;produkcja ceramiki (szlachetnej i budowlanej;działający / czynny;;;0.820000;nie;564612.810000;237946.340000;Produkcja: mieszanki asfaltowe. Zakład nie wykazuje odpadów ani ścieków. Dodatkowe obiekty: emitor (1261_075), obiekt do odzysku (…) (1261_026). Odpady i ścieki: 0,001 oznacza brak odpadów i ścieków.;973;24.01.2014, 13:44;;564612,81;237946,34
9288;8698.000000;1261_148;mineralny;produkcja ceramiki (szlachetnej i budowlanej;działający / czynny;;;3.310000;nie;572515.800000;241442.550000;Działalność: produkcja mieszanek asfaltowych, utrzymanie dróg, ulic i placów. Powstałe odpady związane z utrzymaniem pojazdów i maszyn. Dodatkowy obiekt: emitor (1261_076). Ścieki: 0,001 oznacza brak ścieków.;974;24.01.2014, 13:44;;572515,8;241442,55
9289;8699.000000;1261_149;inny;produkcja wyrobów z tworzyw sztucznych;działający / czynny;1996.000000;;1.060000;nie;564440.170000;238036.690000;Produkcja: płyty i folie dla budownictwa (ekrany dźwiękochłonne), reklam (banery), wyposażenie pojazdów, sklepów i placów zabaw. Nie udzielono brakujących w karcie informacji.;973;24.01.2014, 13:44;;564440,17;238036,69
9290;8700.000000;1261_150;mineralny;produkcja ceramiki (szlachetnej i budowlanej;działający / czynny;;;0.930000;nie;565373.440000;248484.320000;Produkcja: beton towarowy. Zakład nie wykazuje odpadów ani ścieków. Odpady i ścieki: 0,001 oznacza brak odpadów i ścieków.;973;24.01.2014, 13:44;;565373,44;248484,32
9291;8701.000000;1261_151;chemiczny;gumowe;działający / czynny;;;0.530000;nie;575383.220000;240774.080000;Produkcja: gumowe zabawki (krążki, piłki, gryzaki), uszczelki, amortyzatory gumowe. Podmiot nie prowadzi ewidencji wytwarzanych odpadów. Dodatkowe obiekty: emitor (1261_077).;974;24.01.2014, 13:44;;575383,22;240774,08
9292;8702.000000;1261_152;inny;produkcja wyrobów z tworzyw sztucznych;działający / czynny;1948.000000;;0.320000;nie;567481.430000;241214.880000;Produkcja: lalki z PE, PS, PP i PCV. Nie udzielono brakujących w karcie informacji. Dodatkowe obiekty: emitor (1261_078).;973;24.01.2014, 13:44;;567481,43;241214,88
9311;8221.000000;1219_002;elektromaszynowy;elektrotechniczny i elektroniczny;działający / czynny;2001.000000;;0.640000;nie;584224.950000;241852.600000;"produkcja oświetlenia samochodowego, zakład posiada emitor 1219_001; pozostałych informacji nie udzielono";974;24.01.2014, 13:44;;584224,95;241852,6
9312;8222.000000;1219_003;chemiczny;kosmetyki i wyroby toaletowe;działający / czynny;1993.000000;;0.710000;nie;585448.050000;240707.120000;"produkcja kosmetyków, zakład posiada emitor 1219_003 oraz magazyn substancji niebezpiecznych 1219_001; pozostałych informacji nie udzielono";974;24.01.2014, 13:44;;585448,05;240707,12
9313;8223.000000;1219_004;metalurgiczny;galwanizernie;działający / czynny;1997.000000;;;nie;576146.610000;236999.370000;"GALWANIZERIA POSIADA EMITOR 1219_004; POZOSTAŁYCH INFORMACJI NIE UDZIELONO";997;24.01.2014, 13:44;;576146,61;236999,37
9353;8710.000000;1261_132;elektromaszynowy;maszynowy (fabryki silników, obrabiarek, maszyn do różnych rodzajów przemysłu);działający / czynny;;;1.190000;nie;564337.770000;237882.710000;Produkcja: wymienniki ciepła, wirówki talerzowe, pompy, wentylatory, zawory sanitarne, zagęszczarki. Dodatkowe obiekty: emitor (1261_068).;973;24.01.2014, 13:44;;564337,77;237882,71
9354;8711.000000;1261_131;inny;poligraficzny (drukarnie, zakłady introligatorskie);działający / czynny;2001.000000;;0.490000;nie;565970.790000;246373.200000;Działalność: usługi poligraficzne i introligatorskie (książki, albumy, akcydensy). Nie udzielono brakujących w karcie informacji.;973;24.01.2014, 13:44;;565970,79;246373,2
9355;8712.000000;1261_130;metalurgiczny;inne metale nieżelazne;działający / czynny;2000.000000;;0.860000;nie;562716.400000;241216.880000;Działalność: produkcja ślusarki aluminiowej (okna, drzwi, fasady), produkcja antyram, usługi obróbki aluminium.;973;24.01.2014, 13:44;;562716,4;241216,88
9391;8228.000000;1219_009;chemiczny;gumowe;działający / czynny;1999.000000;;0.590000;nie;578741.240000;239428.620000;"produkcja technicznych wyrobów gumowych i metalo-gumowych; zakład posiada emitor 1219_010";974;24.01.2014, 13:44;;578741,24;239428,62
9432;8703.000000;1261_139;metalurgiczny;zakłady powierzchniowej obróbki metali i ślusarnie;działający / czynny;;;2.030000;nie;575618.440000;240973.050000;Produkcja: profile stalowe, kształtowniki. Dodatkowe obiekty: emitor (1261_070).;974;24.01.2014, 13:44;;575618,44;240973,05
9433;8704.000000;1261_138;rolno-spożywczy i rolny;inny (np. produkcja wyrobów tytoniowych, szklarnie kwiatowe, itp.);działający / czynny;;;0.330000;nie;571064.160000;239651.710000;"Produkcja: puch i pierze gęsie; wyroby pościelowe i dla firm alpinistycznych. Nie udzielono brakujących w karcie informacji.";973;24.01.2014, 13:44;;571064,16;239651,71
9434;8705.000000;1261_137;mineralny;produkcja ceramiki (szlachetnej i budowlanej;działający / czynny;;;7.740000;tak;572542.520000;242998.830000;Produkcja: cegły, pustaki i dachówki ceramiczne. Dodatkowe obiekty: zrzut ścieków (1261_009).;974;24.01.2014, 13:44;;572542,52;242998,83
9467;8706.000000;1261_136;mineralny;produkcja ceramiki (szlachetnej i budowlanej;działający / czynny;;;0.920000;nie;574512.480000;247255.060000;Produkcja: beton towarowy. Dodatkowe obiekty: obiekt do odzysku (…) (1261_023).;974;24.01.2014, 13:44;;574512,48;247255,06
9483;8612.000000;1206_050;inny;inny;działający / czynny;1990.000000;;0.500000;nie;587316.330000;244086.910000;"firma zajmuje się produkcją preparatów zwiększających chłonność gleby, produkcją ziemi ogrodniczej oraz dystrybujcją warzyw; pozostałych informacji nie udzielono";974;24.01.2014, 13:44;;587316,33;244086,91
9489;8618.000000;1206_056;rolno-spożywczy i rolny;inny (np. produkcja wyrobów tytoniowych, szklarnie kwiatowe, itp.);działający / czynny;;;2.500000;nie;573989.730000;250944.710000;"firma hodowlano-nasienna działająca w branży ogrodniczej; zakład posiada emitor [1206_020]; pozostałych informacji nie udzielono";974;24.01.2014, 13:44;;573989,73;250944,71
9501;7531.000000;1214_004;inny;produkcja wyrobów z tworzyw sztucznych;działający / czynny;2001.000000;;0.250000;nie;587437.800000;250955.530000;Produkcja: doniczki z tworzyw sztucznych. Emitor 1214_004. Nie udzielono brakujących informacji.;974;24.01.2014, 13:44;;587437,8;250955,53
9646;8691.000000;1261_141;mineralny;produkcja ceramiki (szlachetnej i budowlanej;działający / czynny;;;2.350000;nie;576979.990000;247245.010000;Produkcja: mieszanki asfaltowe. Zakład nie wykazuje odpadów ani ścieków. Dodatkowe obiekty: emitor (1261_072). Odpady i ścieki: 0,001 oznacza brak odpadów i ścieków.;974;24.01.2014, 13:44;;576979,99;247245,01
9647;8692.000000;1261_142;mineralny;produkcja ceramiki (szlachetnej i budowlanej;działający / czynny;;;1.400000;nie;578261.100000;245228.880000;Produkcja: beton towarowy. Zakład nie wykazuje odpadów ani ścieków. Dodatkowe obiekty: emitor (1261_073). Odpady i ścieki: 0,001 oznacza brak odpadów i ścieków.;974;24.01.2014, 13:44;;578261,1;245228,88
9648;8693.000000;1261_143;mineralny;produkcja ceramiki (szlachetnej i budowlanej;działający / czynny;;;0.280000;nie;569658.560000;243144.620000;Produkcja: beton towarowy. Zakład nie wykazuje odpadów ani ścieków. Odpady i ścieki: 0,001 oznacza brak odpadów i ścieków.;973;24.01.2014, 13:44;;569658,56;243144,62
9661;8672.000000;1206_110;metalurgiczny;zakłady powierzchniowej obróbki metali i ślusarnie;działający / czynny;1952.000000;;1.800000;nie;557210.590000;241791.600000;"zakład zajmuje się prefabrykacją konstrukcji stalowych i stóp fundamentowych a także: budowaniem obiektów biurowych, przemysłowych itd., wykonawstwem instalacji wodociągowych, kanalizacyjnych, sprzedażą paliw, zarządzaniem oczyszczalniami ścieków; pozostałych informacji nie udzielono";973;24.01.2014, 13:44;;557210,59;241791,6
9922;8716.000000;1261_126;mechaniczny;zakłady mechaniczne;działający / czynny;;;0.750000;nie;562959.290000;238197.160000;Produkcja: systemy hamulcowe, drzwiowe i wycieraczki dla pojazdów kolejowych i samochodowych.;973;24.01.2014, 13:44;;562959,29;238197,16
9923;8717.000000;1261_125;inny;poligraficzny (drukarnie, zakłady introligatorskie);działający / czynny;;;1.190000;nie;572345.560000;244578.780000;Działalność: druk pracy, ulotek, broszur. Dodatkowe obiekty: emitor (1261_064), zrzut ścieków (1261_010).;974;24.01.2014, 13:44;;572345,56;244578,78
9924;8718.000000;1261_124;mechaniczny;zakłady mechaniczne;działający / czynny;;;1.070000;nie;566057.970000;246418.180000;Produkcja: chłodnice, pompy wodne, próbniki wtryskiwaczy. Dodatkowe obiekty: emitor (1261_063).;973;24.01.2014, 13:44;;566057,97;246418,18
9934;8834.000000;1261_010;metalurgiczny;zakłady powierzchniowej obróbki metali i ślusarnie;zamknięty / nieczynny;1983.000000;2008.000000;0.380000;nie;569653.660000;242538.950000;Działalność: odlewnie żelaza szarego i ciągliwego, staliwa i metali nieżelaznych.;973;24.01.2014, 13:44;;569653,66;242538,95
9935;8835.000000;1261_009;chemiczny;farmaceutyki (leki);działający / czynny;;;0.730000;nie;563883.710000;245384.960000;Produkcja: leki.;973;24.01.2014, 13:44;;563883,71;245384,96
9962;8719.000000;1261_123;metalurgiczny;zakłady powierzchniowej obróbki metali i ślusarnie;działający / czynny;;;4.100000;nie;578757.470000;247178.600000;Produkcja: rury, kształtowniki, zbiorniki ciśnieniowe i bezciśnieniowe, konstrukcje stalowe.;974;24.01.2014, 13:44;;578757,47;247178,6
9963;8720.000000;1261_122;metalurgiczny;zakłady powierzchniowej obróbki metali i ślusarnie;działający / czynny;2005.000000;;0.070000;nie;566646.860000;245714.920000;Produkcja: dozymetry aluminiowe.;973;24.01.2014, 13:44;;566646,86;245714,92
9974;8836.000000;1261_008;elektromaszynowy;elektrotechniczny i elektroniczny;działający / czynny;;;0.190000;nie;574656.900000;246948.390000;Produkcja: wskaźniki napięcia, ultradźwiękowe mierniki wysokości, pirometry, mierniki wielofukcyjne, drążki izolacyjne, uziemiacze przenośne, kamery, sprzęt BHP, wyroby z gumy. Dodatkowe obiekty: emitor (1261_005).;974;24.01.2014, 13:44;;574656,9;246948,39
9975;8837.000000;1261_007;metalurgiczny;zakłady powierzchniowej obróbki metali i ślusarnie;działający / czynny;1950.000000;;1.620000;nie;569556.910000;242480.240000;Produkcja: haki porodowe, noże do kopyt, rozwieracze szczękowe, wzierniki pochwowe, młotki neurologiczne, systemy kominowe, barometry, deszczomierze, higrografy anemometry. Dodatkowe obiekty: emitor (1261_004).;973;24.01.2014, 13:44;;569556,91;242480,24
9976;8838.000000;1261_006;chemiczny;farmaceutyki (leki);działający / czynny;;;1.070000;tak;561872.620000;244657.540000;Produkcja: szczepionki, surowice. Dodatkowe obiekty: emitor (1261_003).;973;24.01.2014, 13:44;;561872,62;244657,54
9977;8839.000000;1261_005;chemiczny;mydło i detergenty;działający / czynny;1921.000000;;1.340000;nie;568574.690000;244020.920000;Produkcja: płyny do mycia, żele do WC, pasty do obuwia.;973;24.01.2014, 13:44;;568574,69;244020,92
9978;8840.000000;1261_004;mineralny;produkcja ceramiki (szlachetnej i budowlanej;działający / czynny;2009.000000;;2.090000;nie;579955.500000;245974.840000;Działalność: produkcja zapraw budowlanych i cementu, prace badawcze. Dodatkowe obiekty: obiekt do odzysku (...) (1261_001).;974;24.01.2014, 13:44;;579955,5;245974,84
9979;8841.000000;1261_003;inny;produkcja wyrobów z tworzyw sztucznych;działający / czynny;;;0.610000;nie;576000.000000;247354.150000;Produkcja: opakowania z tworzyw sztucznych (butelki, kanistry, nakrętki, nasadki, wieczka itp.). Dodatkowe obiekty: emitor (1261_002).;974;24.01.2014, 13:44;;576000;247354,15
9980;8842.000000;1261_002;metalurgiczny;zakłady powierzchniowej obróbki metali i ślusarnie;działający / czynny;1953.000000;;1.680000;nie;566260.090000;246059.010000;Działalność: obróbka mechaniczna metali, prace badawcze. Dodatkowe obiekty: emitor (1261_001).;973;24.01.2014, 13:44;;566260,09;246059,01
9981;8843.000000;1261_001;metalurgiczny;zakłady powierzchniowej obróbki metali i ślusarnie;działający / czynny;;;1.720000;nie;566666.660000;239668.680000;Działalność: wykonywanie odlewów ciśnieniowych (stali, metali nieżelaznych), prace badawcze. Dodatkowe obiekty: emitor (1261_062), obiekt do odzysku (…) (1261_021).;973;24.01.2014, 13:44;;566666,66;239668,68
10114;8721.000000;1261_121;metalurgiczny;zakłady powierzchniowej obróbki metali i ślusarnie;działający / czynny;;;0.780000;nie;570449.530000;248341.710000;Działalność: produkcja okuć, ogrodzeń, pozostała działalność: obróbki blacharskie, cięcie laserowe, folie ochronne, lakierowanie proszkowe. Odpady podano łącznie dla obu oddziałów w Krakowie na ul. Łuczanowickiej (1261_120) oraz na ul. Rozrywka (1261_121). Dodatkowe obiekty: emitor (1261_061).;973;24.01.2014, 13:44;;570449,53;248341,71
10115;8722.000000;1261_120;metalurgiczny;zakłady powierzchniowej obróbki metali i ślusarnie;działający / czynny;;;2.490000;tak;578514.570000;248679.840000;Działalność: produkcja okuć, ogrodzeń, pozostała działalność: obróbki blacharskie, cięcie laserowe, folie ochronne, lakierowanie proszkowe. Odpady podano łącznie dla obu oddziałów w Krakowie na ul. Łuczanowickiej (1261_120) oraz na ul. Rozrywka (1261_121). Dodatkowe obiekty: emitor (1261_060).;974;24.01.2014, 13:44;;578514,57;248679,84
10116;8723.000000;1261_119;inny;poligraficzny (drukarnie, zakłady introligatorskie);działający / czynny;2008.000000;;0.450000;nie;564405.110000;238198.620000;Działalność: usługi poligraficzne (książki, czasopisma, opakowania, druk akcydensowy).;973;24.01.2014, 13:44;;564405,11;238198,62
10117;8724.000000;1261_118;metalurgiczny;zakłady powierzchniowej obróbki metali i ślusarnie;działający / czynny;;;3.300000;nie;571724.030000;241345.840000;Produkcja: osprzęt wiertniczy (zbiorniki płuczkowe, leje płuczkowe, najazdy dla urządzeń wiertniczych, podbudowy pod sita wibracyjne, podpory regulowane, konstrukcje stalowe), ponadto serwis urządzeń wiertniczych.;974;24.01.2014, 13:44;;571724,03;241345,84
10118;8725.000000;1261_117;metalurgiczny;galwanizernie;działający / czynny;;;0.340000;nie;568943.200000;242619.550000;Produkcja: blachy, taśmy i druty ocynkowane. Dodatkowe obiekty: emitor (1261_059).;973;24.01.2014, 13:44;;568943,2;242619,55
10138;8832.000000;1261_012;inny;produkcja wyrobów z tworzyw sztucznych;działający / czynny;1952.000000;;0.470000;nie;564252.650000;245777.770000;Produkcja: szczoteczki do zębów, szczotki do rąk, ciała, odzieży i włosów, szczotki gospodarcze, pumeks, zamiatacze, zmiotki, zmywaki, czyściki, ścierki, gąbki, mopy, worki na śmieci, linki, sznurki, wycieraczki. Nie udzielono brakujących w karcie informacji.;973;24.01.2014, 13:44;;564252,65;245777,77
10139;8833.000000;1261_011;elektromaszynowy;elektrotechniczny i elektroniczny;działający / czynny;1950.000000;;0.460000;nie;572599.840000;247186.060000;Produkcja: bezpieczniki, gniazda, wyłączniki, złącza, diody, żarówki. Dodatkowe obiekty: emitor (1261_006).;974;24.01.2014, 13:44;;572599,84;247186,06
10405;8807.000000;1261_036;elektromaszynowy;precyzyjny (fabryki zegarków, instrumentów pomiarowych, wag i innych urządzeń precyzyjnych);działający / czynny;1994.000000;;0.270000;nie;568991.800000;242604.470000;Produkcja: urządzenia i systemy pomiarowe energii cieplnej, elektrycznej, gazu i wody. Nie udzielono brakujących w karcie informacji.;973;24.01.2014, 13:44;;568991,8;242604,47
10406;8808.000000;1261_035;elektromaszynowy;maszynowy (fabryki silników, obrabiarek, maszyn do różnych rodzajów przemysłu);działający / czynny;;;1.140000;nie;575100.970000;240826.770000;Produkcja: maszyny typu wytłaczarki, nawijarki, skręcarki, żelowarki do produkcji kabli, lin i przewodów impregnowanych. Nie udzielono brakujących w karcie informacji.;974;24.01.2014, 13:44;;575100,97;240826,77
10407;8809.000000;1261_034;inny;poligraficzny (drukarnie, zakłady introligatorskie);działający / czynny;1988.000000;;0.210000;nie;566989.500000;241272.080000;Działalność: usługi poligraficzne i introligatorskie. Dodatkowe obiekty: emitor (1261_016). Nie udzielono brakujących w karcie informacji.;973;24.01.2014, 13:44;;566989,5;241272,08
10447;8810.000000;1261_033;mineralny;szklarski;działający / czynny;;;2.080000;nie;574672.700000;240884.840000;Produkcja: szyby zespolone. Dodatkowe obiekty: magazyn substancji niebezpiecznych (1261_001). Nie udzielono informacji o ściekach.;974;24.01.2014, 13:44;;574672,7;240884,84
10448;8811.000000;1261_032;elektromaszynowy;maszynowy (fabryki silników, obrabiarek, maszyn do różnych rodzajów przemysłu);działający / czynny;1991.000000;;2.510000;nie;570229.110000;243059.030000;Produkcja: przesuwarki przenośnikowe, spycharki, i inne maszyny dla górnictwa węgla brunatnego i rud metali oraz maszyny budowlane, usługi serwisowe. Dodatkowe obiekty: emitor (1261_015).;973;24.01.2014, 13:44;;570229,11;243059,03
10449;8812.000000;1261_031;chemiczny;kosmetyki i wyroby toaletowe;działający / czynny;;;0.090000;nie;570710.410000;240422.580000;Produkcja: lakiery, zmywacze i odżywki do paznokci. Nie udzielono brakujących w karcie informacji.;973;24.01.2014, 13:44;;570710,41;240422,58
10450;8813.000000;1261_030;elektromaszynowy;maszynowy (fabryki silników, obrabiarek, maszyn do różnych rodzajów przemysłu);działający / czynny;2003.000000;;0.220000;nie;568459.870000;247461.130000;Produkcja: maszyny montażowo-kontrolne (przemysł samochodowy), maszyny wciskające, skręcające, zgniatające. Nie udzielono brakujących w karcie informacji.;973;24.01.2014, 13:44;;568459,87;247461,13
10451;8815.000000;1261_029;metalurgiczny;zakłady powierzchniowej obróbki metali i ślusarnie;działający / czynny;1990.000000;;1.970000;nie;571793.010000;241214.230000;Produkcja: kanały wentylacyjne, klapy przecwpożarowe, nawiewniki, przepustnice, kratki wentylacyjne. Nie udzielono brakujących w karcie informacji. Dodatkowe obiekty: emitor (1261_013).;974;24.01.2014, 13:44;;571793,01;241214,23
10458;8786.000000;1261_057;elektromaszynowy;elektrotechniczny i elektroniczny;działający / czynny;;;52.250000;nie;575735.150000;240131.410000;Produkcja: kable i przewody elektryczne (emaliowane, w izolacji gumowej, telekomunikacyjne). Dodatkowe obiekty: emitor (1261_028).;974;24.01.2014, 13:44;;575735,15;240131,41
10459;8787.000000;1261_056;mineralny;produkcja ceramiki (szlachetnej i budowlanej;działający / czynny;;;2.750000;nie;573179.770000;241456.310000;Produkcja: kostka brukowa. Dodatkowe obiekty: emitor (1261_027), Obiekt do odzysku (…) (1261_005).;974;24.01.2014, 13:44;;573179,77;241456,31
10460;8788.000000;1261_055;mineralny;produkcja ceramiki (szlachetnej i budowlanej;działający / czynny;;;4.120000;nie;574626.510000;247303.350000;Produkcja: kostka brukowa, beton przemysłowy.;974;24.01.2014, 13:44;;574626,51;247303,35
10461;8789.000000;1261_054;metalurgiczny;zakłady powierzchniowej obróbki metali i ślusarnie;działający / czynny;;;;tak;577941.900000;247616.990000;Produkcja: rury stalowe. Brak możliwości wejścia na terenie dawnej Huty im. Tadeusza Sędzimira gdzie znajduje się zakład - współrzędne przybliżone. Dodatkowe obiekty: emitor (1261_026). Nie udzielono brakujących w karcie informacji.;974;24.01.2014, 13:44;;577941,9;247616,99
10462;8790.000000;1261_053;mechaniczny;inne;działający / czynny;2009.000000;;1.590000;nie;561041.190000;237152.980000;Produkcja: samochodowe układy hamulcowe (tarcze i klocki hamulcowe).;996;24.01.2014, 13:44;;561041,19;237152,98
10463;8791.000000;1261_051;elektromaszynowy;elektrotechniczny i elektroniczny;działający / czynny;2007.000000;;0.250000;nie;569731.980000;242604.870000;Produkcja: systemy domofonowe. Nie udzielono brakujących w karcie informacji.;973;24.01.2014, 13:44;;569731,98;242604,87
10464;8792.000000;1261_052;elektromaszynowy;elektrotechniczny i elektroniczny;działający / czynny;;;0.480000;nie;569318.190000;244542.190000;Produkcja: elementy i urządzenia elektroniczne. Dodatkowe obiekty: emitor (1261_024). Nie udzielono brakujących w karcie informacji.;973;24.01.2014, 13:44;;569318,19;244542,19
10465;8793.000000;1261_050;rolno-spożywczy i rolny;inny (np. produkcja wyrobów tytoniowych, szklarnie kwiatowe, itp.);działający / czynny;;;25.350000;nie;573322.380000;245360.510000;Produkcja: wyroby tytoniowe. Dodatkowe obiekty: emitor (1261_023), baza transportowa (1261_016). Ilość wytwarzanych odpadów podano łącznie dla Philip Morris Sp. z o.o. oraz Philip Morris Polska Distribution Sp. z o.o.;974;24.01.2014, 13:44;;573322,38;245360,51
10466;8794.000000;1261_049;inny;poligraficzny (drukarnie, zakłady introligatorskie);działający / czynny;;;0.240000;nie;572782.360000;245409.990000;Działalność: usługi poligraficzne. Nie udzielono brakujących w karcie informacji.;974;24.01.2014, 13:44;;572782,36;245409,99
10467;8795.000000;1261_048;metalurgiczny;zakłady powierzchniowej obróbki metali i ślusarnie;działający / czynny;2006.000000;;1.010000;nie;576425.550000;246747.320000;Działalność: laserowa obróbka metali. Nie udzielono brakujących w karcie informacji.;974;24.01.2014, 13:44;;576425,55;246747,32
10504;8778.000000;1261_065;inny;poligraficzny (drukarnie, zakłady introligatorskie);działający / czynny;;;0.290000;nie;568664.380000;242412.510000;Działalność: druk offsetowy, foliowanie, oprawianie. Dodatkowe obiekty: emitor (1261_033).;973;24.01.2014, 13:44;;568664,38;242412,51
10505;8779.000000;1261_064;inny;papierniczy - zakłady celulozowe i papiernicze;działający / czynny;;;0.420000;nie;564318.860000;238332.100000;Produkcja: składanka komputerowa, rolki papierowe (zwykłe i termiczne), poddruki, listowniki, formularze.;973;24.01.2014, 13:44;;564318,86;238332,1
10506;8780.000000;1261_063;mineralny;produkcja ceramiki (szlachetnej i budowlanej;działający / czynny;;;26.520000;nie;579715.260000;246235.220000;Produkcja: cement. Dodatkowe obiekty: baza transportowa (1261_021), emitor (1261_032), obiekt do odzysku (…) (1261_007).;974;24.01.2014, 13:44;;579715,26;246235,22
10542;8781.000000;1261_062;metalurgiczny;zakłady powierzchniowej obróbki metali i ślusarnie;działający / czynny;2010.000000;;0.560000;nie;569222.220000;244498.880000;Produkcja: metalowe elementy do produkcji turbin, silników, maszyn.;973;24.01.2014, 13:44;;569222,22;244498,88
10543;8782.000000;1261_061;mineralny;produkcja ceramiki (szlachetnej i budowlanej;działający / czynny;;;0.320000;nie;572183.210000;241396.380000;Produkcja: beton towarowy. Dodatkowe obiekty: emitor (1261_082).;974;24.01.2014, 13:44;;572183,21;241396,38
10569;8796.000000;1261_047;elektromaszynowy;elektrotechniczny i elektroniczny;działający / czynny;;;0.310000;nie;569633.680000;247109.540000;Produkcja: systemy elektroniki przemysłowej (beziskrowe), montaż układów SMD. Nie udzielono brakujących w karcie informacji.;973;24.01.2014, 13:44;;569633,68;247109,54
10611;8797.000000;1261_046;chemiczny;kosmetyki i wyroby toaletowe;działający / czynny;2007.000000;;0.700000;nie;569780.260000;244624.300000;Produkcja: kosmetyki do ciała. Dodatkowe obiekty: emitor (1261_022). Nie udzielono brakujących w karcie informacji.;973;24.01.2014, 13:44;;569780,26;244624,3
10612;8798.000000;1261_045;mechaniczny;zakłady budowy i naprawy kolei;działający / czynny;;;15.980000;nie;573961.940000;239983.280000;Działalność: produkcja elementów i podzespołów wagonów towarowych, naprawy wagonów, profilowanie zespołów kołowych, rewizje resorów, nastawiaczy, maźnic i zestawów kołowych. Dodatkowe obiekty: emitor (1261_021). Nie udzielono brakujących w karcie informacji.;974;24.01.2014, 13:44;;573961,94;239983,28
10866;8563.000000;1206_001;rolno-spożywczy i rolny;produkcja artykułów spożywczych i napojów;działający / czynny;1911.000000;;3.300000;nie;558341.290000;234130.850000;"zakład produkuje kawę rozpuszczalną, kawę zbożową oraz zajmuje się prażeniem kawy naturalnej; zakład posiada emitor [1206_001]; pozostałych informacji nie udzielono";996;24.01.2014, 13:44;;558341,29;234130,85
10867;8564.000000;1206_002;mineralny;produkcja ceramiki (szlachetnej i budowlanej;działający / czynny;;;7.200000;nie;558306.900000;235221.200000;"zakład produkuje wyroby z betonu komórkowego; zakład posiada: emitor [1206_002], obiekt do odzysku i unieszkodliwiania odpadów [1206_001];  pozostałych informacji nie udzielono";996;24.01.2014, 13:44;;558306,9;235221,2
11068;8806.000000;1261_037;inny;poligraficzny (drukarnie, zakłady introligatorskie);działający / czynny;1980.000000;;0.900000;nie;568871.150000;243753.290000;Działalność: drukarnia (prasa codzienna). Nie udzielono brakujących w karcie informacji.;973;24.01.2014, 13:44;;568871,15;243753,29
11126;8657.000000;1206_095;inny;produkcja wyrobów z tworzyw sztucznych;działający / czynny;1990.000000;;0.100000;nie;558159.870000;247537.270000;"produkcja opakowań kosmetycznych z tworzyw sztucznych oraz zdobienie opakowań metodą hot stampingu; zakład posiada instalację do odzysku i unieszkodliwiania odpadów [1206_ 017]; pozostałych informacji nie udzielono";973;24.01.2014, 13:44;;558159,87;247537,27
11128;8659.000000;1206_097;metalurgiczny;zakłady powierzchniowej obróbki metali i ślusarnie;działający / czynny;1996.000000;;1.000000;nie;557375.110000;244462.080000;"zakład specjalizuje się w projektowaniu, produkcji i dystrybucji systemów odprowadzania wody deszczowej (systemy rynnowe) ze stali oraz z PCV; pozostałych informacji nie udzielono";973;24.01.2014, 13:44;;557375,11;244462,08
11129;8660.000000;1206_098;mineralny;produkcja ceramiki (szlachetnej i budowlanej;działający / czynny;1997.000000;;8.000000;nie;557409.320000;244733.090000;"producent betonu asfaltowego, asfaltu lanego, asfaltu piaskowego; zakład posiada emitor [1206_032]; Zakład administracyjnie zlokalizowany na terenie Miasta Krakowa - wjazd przez część biurową zlokalizowaną w Balicach. pozostałych informacji nie udzielono";973;24.01.2014, 13:44;12.08.2014, 15:18;557409,32;244733,09
11221;8591.000000;1206_029;rolno-spożywczy i rolny;przedsiębiorstwa hodowlane i zakłady przetwórstwa produktów zwierzęcych;działający / czynny;;;0.750000;nie;558726.660000;233505.250000;"zakład rozbioru mięsa i produkcji wędlin; pozostałych informacji nie udzielono";996;24.01.2014, 13:44;;558726,66;233505,25
11222;8592.000000;1206_030;rolno-spożywczy i rolny;przedsiębiorstwa hodowlane i zakłady przetwórstwa produktów zwierzęcych;działający / czynny;;;0.200000;nie;560796.760000;234826.840000;"zakład rozbioru mięsa i produkcji wędlin; pozostałych informacji nie udzielono";996;24.01.2014, 13:44;;560796,76;234826,84
11223;8593.000000;1206_031;metalurgiczny;zakłady powierzchniowej obróbki metali i ślusarnie;działający / czynny;;;0.030000;nie;558525.570000;234569.530000;"zakład usług ślusarskich; pozostałych informacji nie udzielono";996;24.01.2014, 13:44;;558525,57;234569,53
11224;8594.000000;1206_032;inny;prztwórstwo drewna - zakłady produkcji wyrobów z drewna;działający / czynny;;;0.560000;nie;558037.810000;234514.240000;"produkcja palet drewnianych; pozostałych informacji nie udzielono";996;24.01.2014, 13:44;;558037,81;234514,24
11225;8595.000000;1206_033;inny;prztwórstwo drewna - zakłady produkcji wyrobów z drewna;działający / czynny;;;0.150000;nie;559297.230000;234778.560000;"zakład jest producentem opakowań drewnianych, skrzynek ze sklejki, skrzyń drewnianych, palet oraz konstrukcji drewnianych; pozostałych informacji nie udzielono";996;24.01.2014, 13:44;;559297,23;234778,56
11232;8799.000000;1261_044;elektromaszynowy;maszynowy (fabryki silników, obrabiarek, maszyn do różnych rodzajów przemysłu);działający / czynny;;;3.700000;tak;577012.820000;246686.770000;Produkcja: maszyny dla przemysłu metalurgicznego i hutniczego. Dodatkowe obiekty: emitor (1261_020). Ilość odpadów podano łącznie dla 4 podmiotów: Metalodlew S.A., Metalodlew Żeliwo Sp. z o.o., Metalodlew - Serwis Sp. z o.o. oraz Metalodlew Art-Kolor Sp. z o.o. działających w tym samym miejscu. Nie udzielono brakujących w karcie informacji.;974;24.01.2014, 13:44;28.07.2014, 13:08;577012,82;246686,77
11233;8800.000000;1261_043;metalurgiczny;zakłady powierzchniowej obróbki metali i ślusarnie;działający / czynny;1952.000000;;7.020000;tak;567268.810000;240672.260000;Produkcja: konstrukcje stalowe, wyroby metalowe. Dodatkowe obiekty: emitor (1261_081). Nie udzielono brakujących w karcie informacji.;973;24.01.2014, 13:44;28.07.2014, 14:49;567268,81;240672,26
11234;8801.000000;1261_042;elektromaszynowy;elektrotechniczny i elektroniczny;działający / czynny;;;2.560000;nie;575515.750000;240911.270000;Produkcja: transformatory. Dodatkowe obiekty: emitor (1261_019). Nie udzielono brakujących w karcie informacji.;974;24.01.2014, 13:44;;575515,75;240911,27
11235;8802.000000;1261_041;mechaniczny;zakłady budowy i naprawy kolei;działający / czynny;;;82.710000;nie;582050.980000;247895.960000;Działalność: remonty maszyn torowych. Większość terenu objętego zakładem zajmowana jest przez liczne bocznice i rozjazdy kolejowe. Nie udzielono brakujących w karcie informacji.;974;24.01.2014, 13:44;;582050,98;247895,96
11236;8803.000000;1261_040;mineralny;produkcja ceramiki (szlachetnej i budowlanej;działający / czynny;2008.000000;;4.430000;nie;580983.410000;245953.710000;Produkcja: masy bitumiczne. Dodatkowe obiekty: emitor (1261_018). Nie udzielono brakujących w karcie informacji.;974;24.01.2014, 13:44;;580983,41;245953,71
11237;8804.000000;1261_039;rolno-spożywczy i rolny;produkcja artykułów spożywczych i napojów;działający / czynny;;;0.960000;nie;573060.030000;243355.880000;Produkcja: napoje gazowane. Nie udzielono brakujących w karcie informacji.;974;24.01.2014, 13:44;;573060,03;243355,88
11238;8805.000000;1261_038;mineralny;produkcja ceramiki (szlachetnej i budowlanej;działający / czynny;;;0.590000;nie;564595.480000;238285.270000;Produkcja: beton towarowy. Dodatkowe obiekty: emitor (1261_017), Obiekt do odzysku (…) (1261_003). Nie udzielono brakujących w karcie informacji.;973;24.01.2014, 13:44;;564595,48;238285,27
11272;8785.000000;1261_058;elektromaszynowy;elektrotechniczny i elektroniczny;działający / czynny;;;32.740000;nie;570023.810000;240699.330000;Produkcja: kable i przewody elektryczne (emaliowane, w izolacji gumowej, telekomunikacyjne). Dodatkowe obiekty: emitor (1261_029).;973;24.01.2014, 13:44;;570023,81;240699,33
12127;8831.000000;1261_013;metalurgiczny;zakłady powierzchniowej obróbki metali i ślusarnie;działający / czynny;1949.000000;;0.920000;nie;567623.390000;239820.890000;Produkcja: regały sklepowe, magazynowe i dyskontowe, tablice emaliowane, uchwyty łazienkowe.;973;24.01.2014, 13:44;;567623,39;239820,89
12499;8816.000000;1261_028;metalurgiczny;zakłady powierzchniowej obróbki metali i ślusarnie;działający / czynny;1990.000000;;1.930000;nie;577490.130000;246279.440000;Działalność: produkcja konstrukcji stalowych, remonty i modernizacje urządzeń i ciągów technologicznych. Podmiot wydzielony ze struktur Huty im T.Sendzimira. Nie udzielono brakujących w karcie informacji.;974;24.01.2014, 13:44;;577490,13;246279,44
12652;8817.000000;1261_027;elektromaszynowy;elektrotechniczny i elektroniczny;działający / czynny;1992.000000;;0.510000;nie;564327.610000;246722.800000;Produkcja: płytki elektroniczne - drukowane. Nie udzielono brakujących w karcie informacji. Dodatkowe obiekty: emitor (1261_012).;973;24.01.2014, 13:44;;564327,61;246722,8
12653;8818.000000;1261_026;metalurgiczny;zakłady powierzchniowej obróbki metali i ślusarnie;działający / czynny;;;0.330000;nie;564560.000000;246961.690000;Produkcja: formy wtryskowe, kokile odlewnicze, wytłoczniki, wykrojniki. Nie udzielono brakujących w karcie informacji.;973;24.01.2014, 13:44;;564560;246961,69
12654;8819.000000;1261_025;chemiczny;farmaceutyki (leki);działający / czynny;;;0.650000;nie;562720.720000;247187.570000;Produkcja: preparaty i emulsje farmaceutyczne. Nie udzielono brakujących w karcie informacji.;973;24.01.2014, 13:44;;562720,72;247187,57
12655;8820.000000;1261_024;inny;poligraficzny (drukarnie, zakłady introligatorskie);działający / czynny;;;0.110000;nie;563676.790000;246495.050000;Działalność: drukarnia. Nie udzielono brakujących w karcie informacji.;973;24.01.2014, 13:44;;563676,79;246495,05
12692;8821.000000;1261_023;metalurgiczny;zakłady powierzchniowej obróbki metali i ślusarnie;działający / czynny;1987.000000;;0.390000;nie;575087.720000;241622.100000;Produkcja: oprawy oświetleniowe, ogrzewacze olejowe. Dodatkowe obiekty: emitor (1261_011).;974;24.01.2014, 13:44;;575087,72;241622,1
12693;8822.000000;1261_022;chemiczny;kosmetyki i wyroby toaletowe;działający / czynny;1981.000000;;0.330000;nie;568889.950000;240311.910000;Produkcja: szminki, błyszczyki, tusze do rzęs, lakiery do paznokci. Dodatkowe obiekty: emitor (1261_010).;973;24.01.2014, 13:44;;568889,95;240311,91
12694;8823.000000;1261_021;mineralny;szklarski;działający / czynny;;;1.230000;nie;575817.670000;241544.680000;Produkcja: szkło gięte i płaskie hartowane.;974;24.01.2014, 13:44;;575817,67;241544,68
12695;8824.000000;1261_020;metalurgiczny;zakłady powierzchniowej obróbki metali i ślusarnie;działający / czynny;;;0.780000;nie;580602.010000;245140.640000;Produkcja: konstrukcje stalowe. Nie udzielono brakujących w karcie informacji.;974;24.01.2014, 13:44;;580602,01;245140,64
12696;8825.000000;1261_019;metalurgiczny;zakłady powierzchniowej obróbki metali i ślusarnie;działający / czynny;1977.000000;;0.660000;nie;561192.800000;246354.810000;Produkcja: zamki błyskawiczne, formy wtryskowe. Dodatkowe obiekty: emitor (1261_009).;973;24.01.2014, 13:44;;561192,8;246354,81
12697;8826.000000;1261_018;inny;lekki - zakłady włókiennicze, skórzane, tekstylne i farbiarnie;działający / czynny;1983.000000;;0.050000;nie;566418.530000;243794.010000;Produkcja: szlafroki, piżamy, koszule, sukienki. Nie udzielono brakujących w karcie informacji.;973;24.01.2014, 13:44;;566418,53;243794,01
12698;8827.000000;1261_017;inny;produkcja wyrobów z tworzyw sztucznych;działający / czynny;1957.000000;;1.040000;nie;572233.330000;241646.290000;Produkcja: spinki, zaślepki i uchwyty dźwigni samochodowych, złączki, klipsy i węzyki ogrodnicze, łubianki, zakrętki, zatyczki, miski jednorazowe, butelki i pojemniki spożywcze, uszczelki, profile PCV, folie. Dodatkowe obiekty: emitor (1261_008).;974;24.01.2014, 13:44;;572233,33;241646,29
12851;8828.000000;1261_016;chemiczny;kosmetyki i wyroby toaletowe;działający / czynny;1951.000000;;0.290000;nie;567137.580000;246930.730000;Produkcja: pasty emulsyjne, kosmetyki, płyny do mycia, środki piorące, znicze. Nie udzielono brakujących w karcie informacji.;973;24.01.2014, 13:44;;567137,58;246930,73
12852;8829.000000;1261_015;metalurgiczny;zakłady powierzchniowej obróbki metali i ślusarnie;działający / czynny;;;1.120000;nie;566381.010000;246603.280000;""Produkcja: osłonki (pancerze) linek do samochodów, końcówki iniekcyjne. "";973;24.01.2014, 13:44;;566381,01;246603,28
12853;8830.000000;1261_014;metalurgiczny;zakłady powierzchniowej obróbki metali i ślusarnie;działający / czynny;1951.000000;;1.110000;nie;572041.040000;247334.990000;Produkcja: wykrojniki, tłoczniki, formy wtryskowe. Dodatkowe obiekty: emitor (1261_007).;974;24.01.2014, 13:44;;572041,04;247334,99
21478;22955.000000;1206_130;metalurgiczny;zakłady powierzchniowej obróbki metali i ślusarnie;działający / czynny;2012.000000;;0.330000;tak;559201.500000;249418.900000;Produkcja skrzynek pocztowych. Emitor 1206_044;;24.01.2014, 13:00;14.08.2014, 14:22;559201,5;249418,9
21717;22950.000000;1206_128;mineralny;szklarski;działający / czynny;2011.000000;;0.250000;nie;559027.310000;235156.010000;Produkcja spoileów samochodowych. Emitor: 1206_042;;24.01.2014, 13:00;14.08.2014, 12:22;559027,31;235156,01
21831;22915.000000;1206_127;metalurgiczny;inne metale nieżelazne;działający / czynny;2011.000000;;1.740000;tak;557411.740000;233524.140000;Wtórny wytop aluminium. Emitor: 1206_041, Obiekt do odzysku 1206_022;;24.01.2014, 13:00;13.08.2014, 17:36;557411,74;233524,14
